class,upblack, upwhite, upred, uppurple, upyellow, upblue, upgreen, upgray, downblack, downwhite, downpink, downpurple, downyellow, downblue, downgreen, downgray, downbrown, up, gender, down, clothes, hat, backpack, handbag, bag, age, hair
2,1,1,2,1,1,1,1,1,1,1,1,1,1,2,1,1,1,2,1,2,2,1,1,1,1,2,1
7,1,2,1,1,1,1,1,1,2,1,1,1,1,1,1,1,1,2,1,2,2,1,1,1,2,2,1
10,1,1,2,1,1,1,1,1,1,1,1,1,1,2,1,1,1,2,2,2,1,1,1,1,2,2,2
11,1,1,2,1,1,1,1,1,1,1,1,1,1,1,1,2,1,2,2,2,2,1,2,1,1,2,2
12,1,1,1,1,1,1,1,2,2,1,1,1,1,1,1,1,1,2,1,2,2,1,1,1,1,3,1
20,2,1,1,1,1,1,1,1,2,1,1,1,1,1,1,1,1,2,1,2,2,1,2,1,1,2,1
22,1,2,1,1,1,1,1,1,1,1,1,1,1,2,1,1,1,2,1,1,2,1,1,1,1,2,1
23,1,1,2,1,1,1,1,1,1,2,1,1,1,1,1,1,1,2,1,1,2,1,1,1,1,3,1
27,1,1,1,2,1,1,1,1,2,1,1,1,1,1,1,1,1,2,2,1,2,1,1,1,1,2,2
28,1,1,1,2,1,1,1,1,2,1,1,1,1,1,1,1,1,2,2,1,2,1,1,1,1,2,2
30,1,1,1,1,1,2,1,1,2,1,1,1,1,1,1,1,1,2,1,2,2,1,1,1,1,2,1
32,1,2,1,1,1,1,1,1,1,1,1,1,1,1,1,1,2,2,2,1,2,1,2,1,1,2,1
35,1,2,1,1,1,1,1,1,2,1,1,1,1,1,1,1,1,2,1,1,2,1,1,1,1,2,1
37,2,1,1,1,1,1,1,1,2,1,1,1,1,1,1,1,1,2,1,1,2,2,2,1,1,2,1
42,1,1,1,1,2,1,1,1,1,1,1,1,1,2,1,1,1,2,1,2,2,1,2,1,1,2,1
43,2,1,1,1,1,1,1,1,2,1,1,1,1,1,1,1,1,2,2,2,2,1,1,2,1,3,2
46,1,1,2,1,1,1,1,1,2,1,1,1,1,1,1,1,1,1,2,2,2,1,2,1,1,2,2
47,1,1,1,1,1,1,1,2,2,1,1,1,1,1,1,1,1,2,1,2,2,1,1,1,1,2,1
48,1,2,1,1,1,1,1,1,2,1,1,1,1,1,1,1,1,2,1,1,2,1,1,2,1,3,1
52,1,1,2,1,1,1,1,1,1,1,1,1,1,1,1,2,1,2,1,1,2,1,1,1,2,2,1
53,2,1,1,1,1,1,1,1,1,1,1,1,1,1,1,2,1,2,1,2,2,1,2,1,1,2,1
56,1,2,1,1,1,1,1,1,2,1,1,1,1,1,1,1,1,1,2,2,1,1,1,1,1,2,2
57,1,1,1,1,1,1,1,2,1,1,1,1,1,2,1,1,1,2,1,2,2,1,1,1,2,2,1
59,1,1,2,1,1,1,1,1,1,1,1,1,1,2,1,1,1,2,1,2,2,1,2,1,1,2,1
64,1,1,1,2,1,1,1,1,2,1,1,1,1,1,1,1,1,2,2,1,2,1,1,1,2,2,2
65,1,1,1,1,1,1,1,1,1,1,1,1,1,1,1,1,1,2,2,2,1,1,2,1,1,2,1
67,1,1,1,1,1,1,1,2,1,1,1,1,1,2,1,1,1,2,1,2,2,1,1,2,1,2,1
68,1,1,1,1,1,1,2,1,1,1,1,1,1,1,1,1,2,2,1,2,2,1,1,1,1,2,1
69,1,1,1,1,1,1,1,2,1,1,1,1,1,1,1,1,2,2,1,2,2,1,2,1,1,2,1
70,1,1,1,1,2,1,1,1,1,1,1,1,1,1,1,2,1,2,1,1,2,1,1,1,1,2,1
76,1,1,1,2,1,1,1,1,1,1,1,1,1,1,1,1,2,2,1,2,2,1,1,1,1,3,1
77,1,1,1,1,1,1,1,2,2,1,1,1,1,1,1,1,1,2,1,1,2,1,1,2,1,3,1
79,2,1,1,1,1,1,1,1,1,1,1,1,1,1,1,1,1,2,1,2,2,1,2,1,1,2,1
81,1,1,1,1,1,2,1,1,1,1,1,1,1,1,1,1,1,2,1,1,2,1,2,1,1,2,1
82,1,2,1,1,1,1,1,1,1,1,1,1,1,1,1,1,2,2,1,2,2,1,1,1,1,2,1
84,1,2,1,1,1,1,1,1,1,1,1,1,1,2,1,1,1,2,2,1,2,1,1,1,2,2,2
86,1,2,1,1,1,1,1,1,1,1,1,1,1,2,1,1,1,2,2,1,2,1,1,1,1,2,2
88,2,1,1,1,1,1,1,1,1,1,1,1,1,1,1,1,2,2,1,2,2,2,2,1,1,2,1
90,1,1,1,1,1,2,1,1,1,1,1,1,1,1,1,2,1,2,1,1,2,1,1,1,2,2,1
93,1,1,1,2,1,1,1,1,2,1,1,1,1,1,1,1,1,2,2,1,2,1,1,2,1,3,1
95,1,2,1,1,1,1,1,1,1,1,1,1,1,2,1,1,1,2,2,1,2,1,2,1,1,2,2
97,1,2,1,1,1,1,1,1,1,1,1,1,1,1,1,2,1,2,2,1,2,1,2,1,1,2,2
98,1,2,1,1,1,1,1,1,1,1,1,1,1,2,1,1,1,2,2,2,1,1,2,1,1,2,2
99,1,1,1,1,1,1,1,1,1,1,1,1,1,1,1,1,1,2,2,2,2,1,2,1,1,2,2
100,1,1,2,1,1,1,1,1,2,1,1,1,1,1,1,1,1,2,1,2,2,1,2,1,1,2,1
104,1,2,1,1,1,1,1,1,1,2,1,1,1,1,1,1,1,2,2,2,1,1,1,1,1,2,2
105,1,1,2,1,1,1,1,1,1,1,1,1,1,1,1,2,1,2,1,1,2,1,1,1,1,4,1
106,1,1,1,1,1,1,1,1,1,1,1,1,1,1,1,2,1,2,1,2,2,1,1,1,2,2,1
107,1,2,1,1,1,1,1,1,2,1,1,1,1,1,1,1,1,2,2,2,1,1,1,1,1,2,2
108,1,1,1,1,1,1,1,2,1,1,1,1,1,1,1,2,1,2,1,2,2,1,1,1,1,2,1
110,1,1,1,1,2,1,1,1,2,1,1,1,1,1,1,1,1,2,1,2,2,1,1,1,1,2,1
111,1,2,1,1,1,1,1,1,1,1,1,1,1,1,1,1,1,1,1,1,2,1,1,1,1,2,1
114,1,1,1,1,1,1,2,1,2,1,1,1,1,1,1,1,1,2,2,2,1,1,2,1,1,2,2
115,1,1,1,1,1,1,2,1,1,1,1,1,1,1,1,2,1,2,1,2,2,1,2,1,1,2,1
116,1,1,1,1,1,1,1,2,1,1,1,1,1,1,1,1,1,2,1,1,2,1,1,1,1,1,1
117,1,1,1,1,1,1,2,1,1,1,1,1,1,2,1,1,1,2,1,2,2,1,1,1,1,2,1
118,1,2,1,1,1,1,1,1,1,1,1,1,1,1,2,1,1,2,2,2,2,1,1,1,1,2,2
121,1,1,1,1,1,1,1,2,2,1,1,1,1,1,1,1,1,2,1,2,2,1,1,1,1,2,1
122,1,2,1,1,1,1,1,1,1,1,1,1,1,1,1,2,1,2,2,2,2,1,1,1,2,2,2
123,2,1,1,1,1,1,1,1,1,1,1,1,1,1,1,2,1,2,1,1,2,1,1,1,1,2,1
125,1,1,1,1,1,1,1,1,2,1,1,1,1,1,1,1,1,2,1,2,2,1,1,1,1,2,1
127,1,1,1,1,1,2,1,1,2,1,1,1,1,1,1,1,1,2,1,2,2,1,1,1,1,2,1
129,2,1,1,1,1,1,1,1,1,1,1,1,1,2,1,1,1,2,1,2,2,1,1,1,1,2,1
132,1,1,1,1,1,1,2,1,1,1,1,1,1,1,1,2,1,2,1,2,2,1,2,1,1,2,1
134,2,1,1,1,1,1,1,1,2,1,1,1,1,1,1,1,1,2,1,1,2,1,1,1,1,2,1
135,1,1,1,1,1,1,1,1,2,1,1,1,1,1,1,1,1,2,1,2,2,1,1,1,1,3,1
136,1,1,2,1,1,1,1,1,1,1,2,1,1,1,1,1,1,2,2,2,2,1,1,2,1,2,2
139,2,1,1,1,1,1,1,1,2,1,1,1,1,1,1,1,1,2,1,1,2,1,2,1,1,2,1
140,1,1,1,1,1,1,1,2,2,1,1,1,1,1,1,1,1,2,2,2,2,1,2,1,1,2,2
141,1,2,1,1,1,1,1,1,2,1,1,1,1,1,1,1,1,2,1,2,2,1,2,1,1,2,1
142,1,1,1,1,2,1,1,1,1,1,1,1,1,1,1,1,2,2,2,2,2,1,1,1,2,2,2
143,1,1,1,1,1,1,2,1,1,1,1,1,1,2,1,1,1,2,1,2,2,1,2,1,1,2,1
148,1,2,1,1,1,1,1,1,1,1,1,1,2,1,1,1,1,2,2,2,1,1,1,1,2,2,2
149,1,1,1,1,1,1,2,1,1,1,1,1,1,1,1,1,1,2,1,2,2,1,1,1,1,1,1
150,1,2,1,1,1,1,1,1,2,1,1,1,1,1,1,1,1,2,1,2,2,1,1,1,1,2,1
151,1,1,1,1,1,1,1,2,1,1,1,1,1,2,1,1,1,2,2,2,2,1,1,1,1,2,2
158,1,1,1,1,1,2,1,1,2,1,1,1,1,1,1,1,1,2,2,1,2,1,1,1,1,2,1
159,2,1,1,1,1,1,1,1,1,1,1,1,1,1,1,2,1,2,1,2,2,1,2,1,1,2,1
160,1,2,1,1,1,1,1,1,1,1,1,1,1,2,1,1,1,2,2,2,2,1,1,1,2,2,1
162,1,1,2,1,1,1,1,1,1,2,1,1,1,1,1,1,1,1,2,2,1,2,1,1,2,2,1
164,2,1,1,1,1,1,1,1,1,2,1,1,1,1,1,1,1,2,2,2,1,1,1,1,1,2,1
166,1,2,1,1,1,1,1,1,2,1,1,1,1,1,1,1,1,2,1,1,2,1,1,1,1,3,1
167,1,2,1,1,1,1,1,1,2,1,1,1,1,1,1,1,1,2,2,2,2,1,2,1,1,2,2
169,1,1,2,1,1,1,1,1,1,1,2,1,1,1,1,1,1,2,1,2,2,1,2,1,1,2,1
172,1,2,1,1,1,1,1,1,2,1,1,1,1,1,1,1,1,2,1,2,2,1,2,1,1,2,1
173,1,2,1,1,1,1,1,1,1,2,1,1,1,1,1,1,1,2,2,2,1,1,1,1,2,2,2
175,1,2,1,1,1,1,1,1,1,2,1,1,1,1,1,1,1,1,2,2,1,1,2,1,1,2,2
176,2,1,1,1,1,1,1,1,1,1,1,1,1,2,1,1,1,2,1,1,2,1,1,1,1,2,1
177,1,1,1,1,1,1,1,2,2,1,1,1,1,1,1,1,1,2,2,2,2,1,2,1,1,2,2
178,1,2,1,1,1,1,1,1,1,1,1,1,1,2,1,1,1,2,1,2,2,1,1,1,1,2,1
179,1,1,1,1,1,2,1,1,2,1,1,1,1,1,1,1,1,2,1,2,2,1,1,1,1,2,1
180,1,1,1,1,1,1,1,1,1,1,1,1,1,1,1,1,2,2,2,2,2,1,1,2,1,2,1
181,1,2,1,1,1,1,1,1,1,1,1,1,1,2,1,1,1,2,2,1,2,1,2,1,1,2,2
184,2,1,1,1,1,1,1,1,1,1,1,1,1,1,1,1,2,2,1,2,2,1,1,1,1,2,1
185,1,1,1,2,1,1,1,1,1,1,1,1,1,2,1,1,1,2,2,2,1,1,1,2,1,2,2
190,1,1,1,1,1,1,1,2,2,1,1,1,1,1,1,1,1,2,2,2,1,1,1,1,1,2,2
193,1,2,1,1,1,1,1,1,1,1,2,1,1,1,1,1,1,2,2,2,2,1,1,1,2,2,1
195,1,1,2,1,1,1,1,1,1,2,1,1,1,1,1,1,1,1,2,1,2,1,1,1,1,2,2
197,1,2,1,1,1,1,1,1,1,1,2,1,1,1,1,1,1,2,2,2,1,1,2,1,1,2,2
199,1,1,2,1,1,1,1,1,1,1,1,1,1,2,1,1,1,1,2,1,2,1,2,1,1,2,2
201,2,1,1,1,1,1,1,1,2,1,1,1,1,1,1,1,1,2,1,2,2,1,1,1,2,2,1
202,1,1,1,1,1,1,2,1,2,1,1,1,1,1,1,1,1,2,1,2,2,1,1,1,1,2,1
204,1,2,1,1,1,1,1,1,1,2,1,1,1,1,1,1,1,2,1,2,2,1,2,1,1,2,1
206,1,2,1,1,1,1,1,1,1,1,1,1,1,2,1,1,1,2,2,1,1,1,2,1,1,2,2
208,1,2,1,1,1,1,1,1,1,2,1,1,1,1,1,1,1,2,2,2,2,1,1,2,1,2,2
209,1,2,1,1,1,1,1,1,2,1,1,1,1,1,1,1,1,2,2,2,2,1,1,1,2,2,2
211,1,2,1,1,1,1,1,1,1,1,1,1,1,1,1,2,1,2,1,2,2,1,1,1,1,1,1
212,1,2,1,1,1,1,1,1,1,1,1,1,1,1,1,1,1,2,2,2,2,1,1,1,1,2,1
214,1,2,1,1,1,1,1,1,1,1,1,1,1,2,1,1,1,2,2,2,2,1,1,1,1,2,2
216,1,1,1,1,1,1,1,2,1,1,1,1,1,1,1,2,1,2,1,1,2,1,1,1,2,4,1
221,1,1,1,1,1,1,1,1,1,1,2,1,1,1,1,1,1,2,2,2,2,1,1,1,1,2,2
222,1,1,1,1,1,1,2,1,2,1,1,1,1,1,1,1,1,2,1,1,2,1,2,1,1,2,1
223,1,2,1,1,1,1,1,1,1,2,1,1,1,1,1,1,1,2,1,2,2,1,1,2,1,2,2
224,1,1,1,1,1,1,2,1,1,2,1,1,1,1,1,1,1,2,1,2,2,1,2,1,1,2,1
225,1,2,1,1,1,1,1,1,1,2,1,1,1,1,1,1,1,2,2,2,1,1,1,1,1,2,2
232,1,1,1,2,1,1,1,1,2,1,1,1,1,1,1,1,1,2,1,2,2,1,1,1,2,2,1
234,1,1,1,1,2,1,1,1,2,1,1,1,1,1,1,1,1,2,1,1,2,1,1,1,1,2,1
236,1,2,1,1,1,1,1,1,2,1,1,1,1,1,1,1,1,2,1,1,2,1,1,1,1,2,1
237,1,2,1,1,1,1,1,1,2,1,1,1,1,1,1,1,1,2,2,2,2,1,2,1,1,2,2
239,1,2,1,1,1,1,1,1,1,1,1,1,1,2,1,1,1,2,2,2,2,1,1,1,2,2,2
241,1,2,1,1,1,1,1,1,1,1,1,1,1,1,1,2,1,2,1,2,2,1,2,1,1,2,1
242,1,1,1,1,1,1,1,2,1,1,1,1,1,1,1,1,2,1,1,2,2,1,2,1,1,2,1
243,1,2,1,1,1,1,1,1,1,1,1,1,1,1,1,2,1,2,1,2,2,1,1,2,1,2,1
245,1,1,1,2,1,1,1,1,1,1,1,1,1,1,1,2,1,2,1,2,2,1,2,1,1,2,1
248,1,1,1,1,1,1,1,1,2,1,1,1,1,1,1,1,1,2,1,1,2,1,1,1,1,3,1
249,1,1,1,1,1,1,2,1,2,1,1,1,1,1,1,1,1,2,2,1,2,1,1,1,2,3,2
250,1,1,1,2,1,1,1,1,1,1,1,1,1,2,1,1,1,2,1,1,2,1,2,1,1,2,1
251,2,1,1,1,1,1,1,1,2,1,1,1,1,1,1,1,1,2,2,2,1,1,1,1,1,2,2
254,1,1,1,1,1,1,2,1,2,1,1,1,1,1,1,1,1,2,2,1,2,1,1,1,1,3,2
255,1,2,1,1,1,1,1,1,2,1,1,1,1,1,1,1,1,2,1,1,2,1,1,1,1,2,1
259,1,1,2,1,1,1,1,1,1,1,1,1,1,1,1,1,2,2,1,2,2,1,1,1,1,2,1
261,1,1,2,1,1,1,1,1,1,1,1,1,1,1,1,2,1,2,2,1,2,1,1,1,1,3,1
264,1,1,1,1,1,1,1,2,1,1,1,1,1,1,1,2,1,2,1,2,2,1,1,1,1,2,1
266,1,1,1,1,1,1,2,1,2,1,1,1,1,1,1,1,1,2,1,2,2,1,1,1,2,2,1
268,1,1,1,1,2,1,1,1,2,1,1,1,1,1,1,1,1,2,2,2,2,1,2,1,1,2,2
269,1,1,1,1,1,1,1,1,1,1,1,1,1,1,1,1,2,1,2,1,2,1,1,1,1,3,2
272,1,1,1,1,1,1,2,1,1,1,1,1,1,1,1,1,2,2,1,1,2,1,1,1,1,3,1
273,1,1,1,1,1,1,2,1,2,1,1,1,1,1,1,1,1,2,1,2,2,1,1,1,2,2,1
276,1,1,2,1,1,1,1,1,2,1,1,1,1,1,1,1,1,2,1,1,2,1,1,1,1,2,1
277,1,1,1,2,1,1,1,1,1,2,1,1,1,1,1,1,1,2,2,2,2,1,1,1,1,2,2
279,1,1,1,1,1,2,1,1,2,1,1,1,1,1,1,1,1,2,2,2,2,1,1,2,1,2,2
281,1,1,1,1,1,1,2,1,2,1,1,1,1,1,1,1,1,2,2,2,1,1,2,1,1,2,2
282,1,2,1,1,1,1,1,1,2,1,1,1,1,1,1,1,1,2,2,2,2,1,1,2,1,3,2
287,1,2,1,1,1,1,1,1,1,1,1,1,1,1,1,2,1,2,2,2,2,1,1,1,1,2,2
296,1,1,1,1,1,1,2,1,2,1,1,1,1,1,1,1,1,1,1,2,2,1,1,1,1,2,2
297,1,2,1,1,1,1,1,1,2,1,1,1,1,1,1,1,1,2,2,1,2,1,1,1,1,2,2
298,1,1,1,1,1,1,2,1,1,1,1,1,1,1,1,2,1,2,2,1,2,1,1,1,2,2,2
299,1,2,1,1,1,1,1,1,2,1,1,1,1,1,1,1,1,2,2,2,1,1,1,1,2,2,2
301,1,1,1,1,1,1,1,1,1,2,1,1,1,1,1,1,1,2,2,2,1,1,1,1,1,1,2
303,1,1,1,1,1,1,1,2,1,1,1,1,1,1,1,1,2,2,1,1,2,1,1,1,2,3,1
306,1,1,1,2,1,1,1,1,1,1,1,1,1,2,1,1,1,2,1,2,2,1,1,1,1,2,1
307,1,1,1,1,1,1,1,2,1,1,1,1,1,2,1,1,1,2,1,2,2,1,1,1,1,2,1
308,1,1,2,1,1,1,1,1,1,1,1,1,1,1,1,1,2,2,2,2,2,1,1,1,1,2,2
309,1,2,1,1,1,1,1,1,2,1,1,1,1,1,1,1,1,2,2,1,2,1,1,1,2,2,2
313,1,1,2,1,1,1,1,1,1,2,1,1,1,1,1,1,1,2,1,2,2,1,1,1,1,2,1
314,1,1,1,1,1,2,1,1,2,1,1,1,1,1,1,1,1,2,1,2,2,1,2,1,1,2,1
317,1,1,1,1,1,1,2,1,1,1,1,1,1,1,1,2,1,2,1,2,2,1,1,1,1,2,1
318,2,1,1,1,1,1,1,1,2,1,1,1,1,1,1,1,1,2,1,1,2,1,1,1,1,4,1
321,1,2,1,1,1,1,1,1,1,1,1,1,1,1,1,1,2,2,1,2,2,1,1,1,1,2,1
323,2,1,1,1,1,1,1,1,2,1,1,1,1,1,1,1,1,2,1,1,2,1,1,1,1,2,1
324,1,2,1,1,1,1,1,1,2,1,1,1,1,1,1,1,1,2,1,1,2,1,2,1,1,3,1
325,2,1,1,1,1,1,1,1,1,1,1,1,1,1,1,1,2,2,1,1,2,1,2,1,1,3,1
326,1,2,1,1,1,1,1,1,1,1,1,1,1,1,1,2,1,2,1,2,2,1,1,1,1,2,1
327,1,1,1,1,1,1,2,1,1,1,1,1,1,1,1,2,1,2,1,1,2,1,1,1,1,2,1
328,1,2,1,1,1,1,1,1,1,1,2,1,1,1,1,1,1,2,2,1,2,1,1,1,2,2,2
331,1,1,1,1,2,1,1,1,1,1,1,1,1,1,1,2,1,2,1,2,2,1,2,1,1,2,1
332,1,1,2,1,1,1,1,1,2,1,1,1,1,1,1,1,1,1,2,2,2,1,2,1,1,2,2
333,1,1,2,1,1,1,1,1,1,1,1,1,1,1,1,2,1,1,2,2,2,1,1,1,1,2,2
335,1,2,1,1,1,1,1,1,1,1,1,1,1,1,1,1,1,2,2,2,2,1,1,1,2,2,1
338,1,1,1,2,1,1,1,1,1,1,1,1,1,2,1,1,1,2,1,1,2,1,1,1,1,3,1
339,1,1,1,1,1,2,1,1,1,1,1,1,1,1,1,2,1,2,1,2,2,1,1,1,1,3,1
340,1,1,1,1,1,1,2,1,1,1,1,1,1,1,1,2,1,2,2,2,2,1,1,1,2,2,2
341,1,1,1,1,2,1,1,1,1,1,1,1,1,1,1,1,2,2,1,2,2,1,2,1,1,2,1
344,2,1,1,1,1,1,1,1,1,1,1,1,1,1,1,2,1,2,1,2,2,1,2,1,1,2,1
347,1,2,1,1,1,1,1,1,1,1,1,1,1,2,1,1,1,2,2,1,2,2,2,1,1,2,2
348,1,1,1,1,1,1,2,1,1,1,1,1,1,1,1,1,2,2,1,2,2,1,1,1,2,2,1
349,1,2,1,1,1,1,1,1,2,1,1,1,1,1,1,1,1,2,2,1,2,1,1,1,2,2,2
350,2,1,1,1,1,1,1,1,2,1,1,1,1,1,1,1,1,1,2,2,1,1,1,1,2,2,2
352,1,1,1,1,1,1,1,2,2,1,1,1,1,1,1,1,1,2,1,2,2,1,1,1,1,2,1
354,1,1,2,1,1,1,1,1,1,1,1,1,1,1,1,2,1,2,1,2,2,1,1,1,1,2,1
357,1,1,1,1,2,1,1,1,1,2,1,1,1,1,1,1,1,2,2,1,2,1,1,2,1,3,1
358,1,1,1,1,1,1,2,1,1,1,1,1,1,1,1,1,1,2,2,2,1,1,1,1,1,2,2
359,1,2,1,1,1,1,1,1,2,1,1,1,1,1,1,1,1,2,1,1,2,1,1,1,1,4,1
361,1,1,1,1,2,1,1,1,1,1,1,1,1,1,1,2,1,2,1,2,2,1,1,1,2,3,1
367,1,2,1,1,1,1,1,1,1,1,1,1,1,1,1,2,1,2,2,1,1,1,1,1,2,2,2
368,1,2,1,1,1,1,1,1,1,1,1,1,1,2,1,1,1,2,1,2,2,1,1,1,1,2,1
369,1,1,1,1,1,2,1,1,2,1,1,1,1,1,1,1,1,2,1,2,2,1,2,1,1,2,1
370,1,2,1,1,1,1,1,1,1,1,1,1,1,1,1,1,1,2,2,2,2,1,1,1,2,2,1
371,1,1,1,1,2,1,1,1,1,1,1,1,1,2,1,1,1,2,2,2,1,1,1,2,1,3,2
374,2,1,1,1,1,1,1,1,1,1,1,1,1,1,1,1,2,2,1,1,2,1,2,1,1,2,1
375,1,2,1,1,1,1,1,1,1,1,1,1,1,2,1,1,1,2,1,1,2,1,2,1,1,2,1
376,1,2,1,1,1,1,1,1,1,1,1,1,1,1,1,1,2,1,2,1,2,1,2,1,1,2,2
377,1,1,1,1,1,1,1,2,2,1,1,1,1,1,1,1,1,2,1,1,2,1,1,1,1,3,1
379,1,2,1,1,1,1,1,1,1,1,1,1,1,1,1,2,1,2,1,2,2,1,1,1,2,2,1
380,2,1,1,1,1,1,1,1,2,1,1,1,1,1,1,1,1,2,1,2,2,1,1,1,1,2,1
382,1,2,1,1,1,1,1,1,1,1,1,1,1,2,1,1,1,2,1,2,2,1,2,1,1,2,1
383,1,2,1,1,1,1,1,1,2,1,1,1,1,1,1,1,1,2,1,2,2,1,1,1,2,2,1
384,1,2,1,1,1,1,1,1,2,1,1,1,1,1,1,1,1,2,1,2,2,1,1,1,1,2,1
385,1,2,1,1,1,1,1,1,1,1,1,1,1,1,1,1,2,2,2,2,2,1,2,1,1,2,2
386,1,1,1,1,1,2,1,1,2,1,1,1,1,1,1,1,1,2,2,2,2,1,2,1,1,2,2
389,1,2,1,1,1,1,1,1,2,1,1,1,1,1,1,1,1,2,1,1,2,1,1,1,1,2,1
390,1,1,2,1,1,1,1,1,1,1,2,1,1,1,1,1,1,2,2,2,1,1,2,1,1,2,2
392,1,2,1,1,1,1,1,1,2,1,1,1,1,1,1,1,1,2,2,2,1,1,1,1,2,2,1
393,1,1,1,1,1,2,1,1,2,1,1,1,1,1,1,1,1,2,1,2,2,1,1,2,1,2,1
394,1,2,1,1,1,1,1,1,1,1,1,1,1,1,1,1,2,1,1,1,2,1,1,1,1,2,1
397,2,1,1,1,1,1,1,1,2,1,1,1,1,1,1,1,1,2,1,2,2,1,2,1,1,2,1
398,1,1,2,1,1,1,1,1,2,1,1,1,1,1,1,1,1,2,2,2,2,1,1,1,2,2,2
399,1,1,1,1,1,1,1,1,2,1,1,1,1,1,1,1,1,2,1,1,2,1,1,1,1,2,1
402,1,1,1,1,1,1,1,1,1,1,1,1,1,1,1,1,1,1,2,2,1,1,1,1,1,1,2
403,1,1,1,1,1,1,1,1,1,1,1,1,1,2,1,1,1,2,1,2,2,1,1,1,1,1,1
404,1,1,2,1,1,1,1,1,1,2,1,1,1,1,1,1,1,1,2,2,1,1,1,1,1,2,2
407,1,1,1,1,1,2,1,1,1,1,1,1,1,2,1,1,1,2,2,2,2,1,1,1,2,2,1
408,1,2,1,1,1,1,1,1,2,1,1,1,1,1,1,1,1,2,2,2,1,1,1,1,2,2,2
409,1,2,1,1,1,1,1,1,1,1,1,1,1,2,1,1,1,2,1,1,2,1,1,1,2,2,1
410,1,1,1,1,1,1,1,2,1,1,1,1,1,1,1,2,1,2,2,2,2,1,2,1,1,2,2
411,1,2,1,1,1,1,1,1,2,1,1,1,1,1,1,1,1,2,1,1,2,1,1,2,1,2,1
413,1,1,1,1,1,1,1,1,2,1,1,1,1,1,1,1,1,2,1,1,2,1,2,1,1,2,1
414,2,1,1,1,1,1,1,1,2,1,1,1,1,1,1,1,1,2,1,1,2,1,1,2,1,2,1
415,1,1,1,1,1,1,1,2,2,1,1,1,1,1,1,1,1,2,1,1,2,2,2,1,1,2,1
419,1,2,1,1,1,1,1,1,2,1,1,1,1,1,1,1,1,2,1,1,2,1,1,1,1,2,1
420,1,1,1,1,1,1,1,1,1,1,1,1,1,2,1,1,1,2,2,1,2,1,1,1,2,2,2
421,1,1,1,1,1,1,2,1,1,1,1,1,1,1,1,2,1,2,1,2,2,1,1,1,1,1,1
423,1,2,1,1,1,1,1,1,1,1,1,1,1,1,1,1,2,1,1,1,2,1,1,1,1,3,1
424,2,1,1,1,1,1,1,1,1,1,1,1,1,1,1,2,1,2,1,2,2,1,2,1,1,2,1
427,1,1,1,1,2,1,1,1,2,1,1,1,1,1,1,1,1,2,1,2,2,1,1,1,1,2,1
429,1,2,1,1,1,1,1,1,1,1,1,1,1,2,1,1,1,2,1,2,2,1,1,1,1,2,1
430,1,1,1,1,1,1,2,1,1,1,2,1,1,1,1,1,1,2,2,2,2,1,2,1,1,2,1
432,2,1,1,1,1,1,1,1,1,1,1,1,1,1,1,1,1,2,1,2,2,1,1,1,1,2,1
433,1,2,1,1,1,1,1,1,1,2,1,1,1,1,1,1,1,2,2,2,1,1,1,1,2,2,2
434,1,1,1,1,1,1,1,1,1,1,1,1,1,1,1,2,1,2,1,2,2,1,1,1,1,2,1
435,1,1,1,1,1,1,1,2,2,1,1,1,1,1,1,1,1,2,1,1,2,1,1,1,2,3,1
437,1,1,1,1,1,1,1,2,2,1,1,1,1,1,1,1,1,2,1,1,2,1,1,2,1,2,1
441,1,1,1,1,1,2,1,1,1,2,1,1,1,1,1,1,1,2,2,2,2,1,1,1,1,2,1
442,1,1,1,1,1,1,1,1,1,2,1,1,1,1,1,1,1,2,2,2,1,1,1,1,1,2,2
444,1,1,1,1,1,1,1,1,1,2,1,1,1,1,1,1,1,2,2,1,1,1,1,1,2,2,2
445,1,2,1,1,1,1,1,1,2,1,1,1,1,1,1,1,1,2,1,2,2,1,2,1,1,2,1
446,1,1,1,1,1,1,1,1,1,1,1,1,1,1,1,2,1,2,1,1,2,1,1,2,1,2,1
449,1,1,1,1,2,1,1,1,1,1,1,1,2,1,1,1,1,2,2,2,1,2,1,1,1,2,2
450,1,1,1,1,1,1,1,2,1,1,1,1,1,1,1,2,1,2,1,2,2,1,2,1,1,2,1
451,1,1,1,1,2,1,1,1,1,1,1,1,2,1,1,1,1,2,2,2,1,1,2,1,1,2,1
456,1,2,1,1,1,1,1,1,1,1,1,1,1,2,1,1,1,2,1,1,2,1,1,1,1,2,1
457,1,2,1,1,1,1,1,1,1,1,1,1,1,2,1,1,1,2,2,2,2,1,2,1,1,2,1
459,2,1,1,1,1,1,1,1,1,1,1,1,1,1,1,1,2,2,1,1,2,1,1,2,1,2,1
464,1,1,2,1,1,1,1,1,1,1,1,1,1,1,1,2,1,2,2,1,2,1,1,1,1,3,1
466,1,1,1,2,1,1,1,1,2,1,1,1,1,1,1,1,1,2,1,2,2,1,1,2,1,2,1
468,1,2,1,1,1,1,1,1,1,1,1,1,1,1,1,2,1,2,2,2,2,1,1,1,2,2,2
470,2,1,1,1,1,1,1,1,1,1,1,1,1,2,1,1,1,2,1,1,2,1,1,1,1,3,1
472,1,1,1,1,1,1,1,1,1,1,1,2,1,1,1,1,1,2,2,2,2,1,1,1,1,2,2
475,1,1,1,1,1,1,1,2,1,1,1,1,1,2,1,1,1,2,2,1,2,1,1,2,1,2,2
477,1,1,1,1,1,2,1,1,1,1,1,1,1,2,1,1,1,2,1,2,2,1,1,2,1,2,1
480,1,2,1,1,1,1,1,1,1,1,2,1,1,1,1,1,1,2,2,1,2,1,1,2,1,3,1
481,1,1,1,1,1,1,1,2,1,1,1,1,1,1,1,1,1,2,2,2,2,1,1,1,2,2,2
482,1,1,1,1,1,1,1,1,2,1,1,1,1,1,1,1,1,2,1,2,2,1,2,1,1,2,1
484,1,1,1,1,1,1,1,1,1,1,1,1,1,2,1,1,1,2,1,2,2,1,2,1,1,2,1
485,2,1,1,1,1,1,1,1,2,1,1,1,1,1,1,1,1,2,2,2,2,1,1,2,1,3,1
486,1,2,1,1,1,1,1,1,1,1,2,1,1,1,1,1,1,2,2,2,1,1,2,1,1,2,2
491,1,1,1,1,1,1,1,1,1,1,2,1,1,1,1,1,1,2,2,2,2,1,1,1,1,2,1
494,1,1,1,1,1,1,1,2,1,1,1,1,1,1,1,2,1,2,1,2,2,1,2,1,1,2,1
496,1,2,1,1,1,1,1,1,2,1,1,1,1,1,1,1,1,1,2,1,2,1,2,1,1,2,2
499,1,1,1,1,1,1,1,1,2,1,1,1,1,1,1,1,1,2,1,2,2,1,1,1,1,3,1
500,1,2,1,1,1,1,1,1,1,1,1,1,1,1,1,2,1,2,1,2,2,1,1,1,1,2,1
503,2,1,1,1,1,1,1,1,2,1,1,1,1,1,1,1,1,2,1,1,2,1,1,1,1,2,1
508,1,2,1,1,1,1,1,1,2,1,1,1,1,1,1,1,1,2,2,1,1,1,1,1,2,2,2
509,2,1,1,1,1,1,1,1,2,1,1,1,1,1,1,1,1,2,2,2,1,1,1,1,1,3,2
513,2,1,1,1,1,1,1,1,2,1,1,1,1,1,1,1,1,2,1,2,2,1,1,1,2,2,1
515,1,2,1,1,1,1,1,1,1,1,1,1,1,1,1,2,1,2,1,2,2,1,2,1,1,2,1
516,1,1,2,1,1,1,1,1,2,1,1,1,1,1,1,1,1,2,2,2,2,1,1,1,2,2,2
517,1,1,2,1,1,1,1,1,1,1,1,1,1,1,1,2,1,2,1,2,2,1,2,1,1,2,1
518,1,1,1,1,1,1,1,2,2,1,1,1,1,1,1,1,1,2,1,2,2,1,2,1,1,2,1
519,1,1,2,1,1,1,1,1,1,1,1,1,1,1,1,2,1,2,2,2,2,1,1,1,1,2,1
522,2,1,1,1,1,1,1,1,1,1,1,1,1,1,1,1,2,2,1,2,2,1,1,1,1,2,1
524,1,1,1,1,1,1,1,1,1,1,1,1,1,1,1,1,1,2,2,2,1,1,1,2,1,2,1
525,1,2,1,1,1,1,1,1,2,1,1,1,1,1,1,1,1,2,1,1,2,1,1,1,1,2,1
528,1,1,2,1,1,1,1,1,1,1,1,1,1,2,1,1,1,2,1,2,2,1,1,1,1,1,1
529,1,1,1,1,1,1,1,2,2,1,1,1,1,1,1,1,1,2,1,1,2,1,1,1,1,4,1
534,1,1,1,2,1,1,1,1,2,1,1,1,1,1,1,1,1,1,2,1,2,1,1,1,1,3,2
536,1,2,1,1,1,1,1,1,1,2,1,1,1,1,1,1,1,2,2,1,2,1,1,2,1,2,2
537,1,2,1,1,1,1,1,1,1,1,1,1,1,1,1,2,1,2,1,1,2,1,1,1,1,3,1
539,1,1,2,1,1,1,1,1,1,2,1,1,1,1,1,1,1,2,1,1,2,1,1,1,1,2,1
540,2,1,1,1,1,1,1,1,1,1,1,1,1,1,1,2,1,2,1,1,2,1,1,1,1,2,1
545,1,1,1,1,1,2,1,1,1,2,1,1,1,1,1,1,1,2,2,2,1,1,1,1,2,2,2
546,2,1,1,1,1,1,1,1,1,1,1,1,1,1,1,1,1,2,2,2,1,1,2,1,1,2,2
547,1,1,1,1,1,1,2,1,1,1,1,1,1,1,1,2,1,2,1,2,2,1,2,1,1,2,1
549,1,1,1,1,1,1,2,1,1,1,1,1,1,1,1,1,1,2,2,2,2,1,1,1,2,2,2
551,1,2,1,1,1,1,1,1,1,1,1,1,2,1,1,1,1,2,2,2,2,1,1,2,1,2,1
552,2,1,1,1,1,1,1,1,1,1,1,1,1,1,1,2,1,2,1,2,2,1,2,1,1,2,1
554,1,1,2,1,1,1,1,1,2,1,1,1,1,1,1,1,1,2,1,2,2,1,1,2,1,2,1
555,2,1,1,1,1,1,1,1,1,1,1,1,1,2,1,1,1,2,1,2,2,1,1,2,1,2,1
556,2,1,1,1,1,1,1,1,2,1,1,1,1,1,1,1,1,2,2,2,1,1,1,1,2,2,2
557,1,2,1,1,1,1,1,1,2,1,1,1,1,1,1,1,1,2,1,2,2,1,1,1,1,2,1
558,1,2,1,1,1,1,1,1,1,1,2,1,1,1,1,1,1,2,2,2,2,1,1,1,2,2,1
563,1,2,1,1,1,1,1,1,1,1,1,1,1,1,1,2,1,1,1,1,2,1,1,1,1,3,1
564,1,1,1,1,1,1,1,2,1,1,1,1,1,1,1,1,1,2,2,2,1,1,1,1,2,2,1
565,1,2,1,1,1,1,1,1,2,1,1,1,1,1,1,1,1,2,2,2,2,1,1,1,2,2,2
566,1,1,1,2,1,1,1,1,1,1,1,1,1,1,1,2,1,2,1,1,2,1,1,1,1,2,1
570,1,1,1,1,1,1,1,1,2,1,1,1,1,1,1,1,1,2,1,2,2,1,1,1,1,2,1
571,2,1,1,1,1,1,1,1,1,1,1,1,1,1,1,2,1,2,2,2,2,1,2,1,1,2,2
572,1,1,1,1,1,1,1,2,1,1,1,1,1,1,1,2,1,2,1,1,2,1,1,2,1,2,1
573,1,2,1,1,1,1,1,1,2,1,1,1,1,1,1,1,1,2,1,2,2,1,1,1,1,2,1
575,1,2,1,1,1,1,1,1,1,1,1,1,1,1,1,2,1,2,2,1,2,1,1,1,2,2,2
579,1,1,1,1,1,1,1,1,1,1,1,1,1,2,1,1,1,2,2,2,1,1,1,2,1,3,2
581,1,1,1,1,2,1,1,1,2,1,1,1,1,1,1,1,1,2,1,1,2,1,1,1,2,2,1
584,1,2,1,1,1,1,1,1,2,1,1,1,1,1,1,1,1,2,1,1,2,1,1,2,1,2,1
586,1,1,1,1,2,1,1,1,1,1,1,1,1,2,1,1,1,2,1,2,2,1,1,1,2,2,1
588,1,1,2,1,1,1,1,1,2,1,1,1,1,1,1,1,1,2,1,2,2,1,2,1,1,3,1
589,1,2,1,1,1,1,1,1,2,1,1,1,1,1,1,1,1,2,1,2,2,1,2,1,1,2,1
592,1,1,1,1,2,1,1,1,1,1,1,1,1,1,1,1,2,2,1,2,2,1,2,1,1,2,1
593,2,1,1,1,1,1,1,1,1,1,1,1,1,2,1,1,1,2,1,2,2,1,1,1,1,2,1
594,2,1,1,1,1,1,1,1,1,1,1,1,1,1,1,1,1,2,2,2,1,1,1,2,1,2,1
596,1,2,1,1,1,1,1,1,2,1,1,1,1,1,1,1,1,2,2,1,2,1,2,1,1,2,1
597,1,1,1,1,1,2,1,1,2,1,1,1,1,1,1,1,1,2,1,2,2,1,2,1,1,2,1
599,1,1,1,1,1,1,1,2,2,1,1,1,1,1,1,1,1,2,1,2,2,1,1,1,1,2,1
603,1,2,1,1,1,1,1,1,1,1,1,1,1,1,1,2,1,2,1,2,2,1,2,1,1,2,1
604,1,2,1,1,1,1,1,1,2,1,1,1,1,1,1,1,1,2,1,2,2,1,2,1,1,2,1
605,2,1,1,1,1,1,1,1,2,1,1,1,1,1,1,1,1,2,2,2,1,1,1,1,2,2,2
606,1,2,1,1,1,1,1,1,1,1,1,1,1,1,1,2,1,2,1,2,2,1,1,1,1,2,1
611,1,2,1,1,1,1,1,1,2,1,1,1,1,1,1,1,1,2,2,2,2,1,2,1,1,2,2
612,1,1,1,1,1,1,1,2,1,1,1,1,1,1,1,2,1,2,1,2,2,1,2,1,1,2,1
613,1,1,1,1,1,1,1,2,1,1,1,1,1,1,1,1,2,2,1,2,2,1,2,1,1,2,1
614,2,1,1,1,1,1,1,1,1,1,1,1,1,2,1,1,1,2,1,1,2,1,1,2,1,2,1
615,1,1,2,1,1,1,1,1,1,1,1,1,1,1,1,1,2,2,1,1,2,1,1,2,1,3,1
616,1,1,1,1,2,1,1,1,1,1,1,1,1,1,1,2,1,2,1,1,2,1,1,1,1,3,1
619,2,1,1,1,1,1,1,1,1,1,1,1,1,2,1,1,1,2,1,1,2,2,1,2,1,3,1
620,2,1,1,1,1,1,1,1,1,2,1,1,1,1,1,1,1,2,1,2,2,1,1,1,1,2,1
622,1,1,2,1,1,1,1,1,1,2,1,1,1,1,1,1,1,1,2,1,2,1,1,1,1,2,1
623,1,1,1,1,1,1,1,1,2,1,1,1,1,1,1,1,1,2,1,2,2,1,2,1,1,2,1
628,1,1,1,1,1,1,1,2,1,1,1,1,2,1,1,1,1,2,2,2,2,1,1,1,2,2,2
629,1,1,1,1,1,1,1,1,1,1,1,1,1,1,1,2,1,2,2,2,2,1,1,1,1,2,2
630,2,1,1,1,1,1,1,1,2,1,1,1,1,1,1,1,1,2,2,1,2,1,1,1,2,2,2
633,1,1,1,1,1,1,1,2,2,1,1,1,1,1,1,1,1,2,1,1,2,1,1,1,1,4,1
635,1,2,1,1,1,1,1,1,2,1,1,1,1,1,1,1,1,2,1,1,2,1,2,1,1,2,1
636,1,1,1,1,1,1,1,2,2,1,1,1,1,1,1,1,1,2,1,1,2,1,1,1,1,3,1
637,1,1,1,1,1,1,1,2,1,2,1,1,1,1,1,1,1,2,2,1,1,1,2,1,1,2,2
639,1,1,1,1,1,1,2,1,1,1,1,1,1,1,1,1,2,2,1,2,2,1,1,1,1,2,1
640,1,2,1,1,1,1,1,1,1,2,1,1,1,1,1,1,1,2,2,2,1,1,1,1,1,2,2
641,2,1,1,1,1,1,1,1,2,1,1,1,1,1,1,1,1,2,1,2,2,1,1,1,1,2,1
642,1,1,1,1,1,1,1,2,1,1,1,1,1,1,1,2,1,2,1,2,2,1,2,1,1,3,1
645,1,1,1,1,1,1,1,1,2,1,1,1,1,1,1,1,1,2,1,2,2,1,2,1,1,2,1
647,1,1,1,1,1,1,1,1,2,1,1,1,1,1,1,1,1,2,1,2,2,1,1,1,1,2,1
648,1,2,1,1,1,1,1,1,1,1,1,1,1,1,1,1,2,2,2,2,2,1,1,1,2,2,2
649,1,1,1,2,1,1,1,1,2,1,1,1,1,1,1,1,1,2,1,1,2,1,1,1,1,2,1
652,1,2,1,1,1,1,1,1,2,1,1,1,1,1,1,1,1,2,1,1,2,1,2,1,1,2,1
653,1,1,1,1,2,1,1,1,1,1,1,1,2,1,1,1,1,2,2,2,1,1,1,1,2,2,2
655,1,1,1,1,1,1,1,2,2,1,1,1,1,1,1,1,1,2,1,2,2,1,2,1,1,2,1
656,1,1,1,2,1,1,1,1,2,1,1,1,1,1,1,1,1,2,1,2,2,1,1,1,2,2,1
657,1,1,1,1,1,1,1,2,2,1,1,1,1,1,1,1,1,2,1,1,2,1,1,1,1,3,1
658,2,1,1,1,1,1,1,1,2,1,1,1,1,1,1,1,1,2,1,2,2,1,1,1,1,2,1
659,2,1,1,1,1,1,1,1,2,1,1,1,1,1,1,1,1,2,1,1,2,1,2,1,1,2,1
660,1,1,1,1,1,1,1,1,1,2,1,1,1,1,1,1,1,2,2,2,1,1,1,1,1,2,1
661,2,1,1,1,1,1,1,1,2,1,1,1,1,1,1,1,1,2,1,2,2,1,1,1,1,3,1
662,1,2,1,1,1,1,1,1,1,1,1,1,1,1,1,1,2,2,2,2,1,1,1,1,2,2,2
663,1,1,1,1,1,1,1,1,2,1,1,1,1,1,1,1,1,2,2,1,2,1,2,1,1,2,2
665,2,1,1,1,1,1,1,1,2,1,1,1,1,1,1,1,1,1,2,2,2,1,1,1,1,2,1
666,1,1,1,1,1,1,2,1,1,1,1,1,1,1,1,2,1,2,1,2,2,1,1,1,1,2,1
667,1,1,1,1,1,1,1,1,1,1,1,1,1,1,1,2,1,2,1,2,2,1,1,1,1,2,1
669,1,2,1,1,1,1,1,1,2,1,1,1,1,1,1,1,1,2,1,2,2,1,1,1,1,2,1
670,1,1,1,1,1,2,1,1,1,1,1,1,1,2,1,1,1,2,1,2,2,1,1,1,1,2,1
673,1,1,2,1,1,1,1,1,1,1,1,1,1,1,1,1,2,2,2,1,2,1,1,1,1,2,2
674,1,1,1,1,1,2,1,1,1,1,1,1,1,1,1,2,1,2,1,2,2,1,1,1,1,2,1
676,1,1,1,1,1,1,1,1,2,1,1,1,1,1,1,1,1,2,2,1,2,1,1,2,1,3,1
677,2,1,1,1,1,1,1,1,2,1,1,1,1,1,1,1,1,1,1,2,2,1,1,1,1,2,1
681,2,1,1,1,1,1,1,1,1,1,1,1,1,1,1,1,1,2,1,2,2,1,2,1,1,2,1
682,1,1,1,1,1,1,1,1,1,1,1,1,1,1,1,1,1,2,2,2,2,1,2,1,1,2,2
683,1,1,2,1,1,1,1,1,1,1,1,1,1,1,1,1,2,2,1,2,2,1,1,1,2,2,1
685,1,1,1,1,1,1,1,2,1,1,1,1,1,1,1,2,1,2,1,2,2,1,1,2,1,3,1
688,1,2,1,1,1,1,1,1,2,1,1,1,1,1,1,1,1,2,1,1,2,1,1,1,2,3,1
689,1,1,1,1,1,1,1,1,2,1,1,1,1,1,1,1,1,2,2,2,2,1,1,1,2,2,2
696,1,1,1,1,1,1,1,1,1,1,1,1,1,1,1,2,1,2,1,1,2,1,1,1,1,1,1
697,1,1,1,1,1,1,1,1,2,1,1,1,1,1,1,1,1,2,2,1,2,1,1,1,1,3,1
700,1,1,1,1,1,1,1,1,2,1,1,1,1,1,1,1,1,2,2,1,2,1,1,1,2,2,2
701,1,2,1,1,1,1,1,1,1,1,1,1,1,2,1,1,1,2,2,1,1,1,1,1,2,2,2
702,1,2,1,1,1,1,1,1,2,1,1,1,1,1,1,1,1,2,1,1,2,1,1,1,1,3,1
703,1,2,1,1,1,1,1,1,1,1,1,1,1,1,1,1,2,2,2,2,2,1,2,1,1,2,2
704,1,1,1,1,1,2,1,1,2,1,1,1,1,1,1,1,1,2,1,1,2,1,1,1,1,3,1
705,1,2,1,1,1,1,1,1,1,1,1,1,1,2,1,1,1,2,2,1,2,1,1,2,1,3,2
706,1,1,2,1,1,1,1,1,1,1,1,1,1,2,1,1,1,2,2,2,2,1,2,1,1,2,2
707,2,1,1,1,1,1,1,1,2,1,1,1,1,1,1,1,1,2,1,2,2,1,1,1,1,3,1
708,1,1,1,1,1,2,1,1,2,1,1,1,1,1,1,1,1,2,1,1,2,1,2,1,1,2,1
709,1,2,1,1,1,1,1,1,2,1,1,1,1,1,1,1,1,2,1,1,2,1,1,1,1,3,1
711,1,1,1,1,1,2,1,1,1,1,1,1,1,1,1,1,2,2,2,2,1,1,2,1,1,2,2
712,1,1,1,1,1,1,1,2,2,1,1,1,1,1,1,1,1,2,2,1,2,2,1,1,1,2,1
714,1,2,1,1,1,1,1,1,1,1,1,1,1,1,2,1,1,2,2,1,2,1,1,2,1,3,1
718,1,1,1,1,1,1,1,2,1,1,1,1,1,2,1,1,1,2,1,1,2,1,1,1,1,2,1
724,1,1,1,1,2,1,1,1,1,2,1,1,1,1,1,1,1,2,1,2,2,1,2,1,1,2,2
726,2,1,1,1,1,1,1,1,1,1,1,1,1,2,1,1,1,2,1,2,2,1,2,1,1,2,1
729,1,1,2,1,1,1,1,1,1,1,1,1,1,2,1,1,1,2,1,2,2,1,2,1,1,2,1
730,1,1,1,1,1,1,1,1,2,1,1,1,1,1,1,1,1,2,2,2,2,1,1,1,1,3,1
733,1,2,1,1,1,1,1,1,1,2,1,1,1,1,1,1,1,2,2,1,2,1,1,1,1,2,2
734,1,2,1,1,1,1,1,1,1,1,1,1,1,2,1,1,1,2,2,1,1,1,1,1,1,3,2
738,1,1,1,1,1,1,1,2,1,1,1,1,1,1,1,2,1,1,2,1,2,1,1,1,2,2,2
739,1,1,1,1,1,1,1,1,1,1,1,1,1,2,1,1,1,2,1,1,2,1,1,1,2,3,1
741,1,2,1,1,1,1,1,1,1,1,2,1,1,1,1,1,1,2,2,2,1,1,1,1,2,2,2
742,1,1,2,1,1,1,1,1,1,1,1,1,1,1,1,1,2,2,1,1,2,1,1,1,2,2,1
744,2,1,1,1,1,1,1,1,2,1,1,1,1,1,1,1,1,2,1,1,2,1,1,1,2,3,1
748,1,1,1,1,1,1,1,1,1,1,1,1,1,2,1,1,1,2,2,2,2,1,1,1,2,2,2
749,1,1,1,1,1,1,1,2,1,1,1,1,1,1,1,1,2,2,1,1,2,1,1,1,2,3,1
752,1,1,1,1,1,1,1,1,1,1,1,1,1,1,1,2,1,2,1,1,2,1,1,1,1,1,1
754,1,1,1,1,2,1,1,1,1,1,1,1,1,1,1,2,1,2,1,1,2,1,1,1,1,2,1
755,1,2,1,1,1,1,1,1,1,2,1,1,1,1,1,1,1,2,2,2,2,1,1,1,2,3,1
757,1,2,1,1,1,1,1,1,1,1,1,1,1,1,1,1,2,2,1,2,2,1,1,1,1,2,1
759,1,2,1,1,1,1,1,1,2,1,1,1,1,1,1,1,1,2,1,2,2,1,2,1,1,2,1
760,1,1,1,1,1,2,1,1,2,1,1,1,1,1,1,1,1,2,1,1,2,1,2,1,1,2,1
761,1,1,1,1,1,1,1,2,1,1,1,1,1,1,1,1,1,2,2,2,2,1,2,1,1,2,2
762,2,1,1,1,1,1,1,1,2,1,1,1,1,1,1,1,1,2,2,1,2,2,1,1,2,3,1
765,1,2,1,1,1,1,1,1,1,1,1,1,1,1,2,1,1,2,2,1,2,1,1,1,1,3,2
766,1,1,1,1,1,1,1,1,2,1,1,1,1,1,1,1,1,2,1,2,2,1,2,1,1,2,1
767,2,1,1,1,1,1,1,1,2,1,1,1,1,1,1,1,1,2,1,2,2,1,1,1,1,3,1
772,1,2,1,1,1,1,1,1,2,1,1,1,1,1,1,1,1,2,2,2,1,1,1,1,2,2,2
773,1,2,1,1,1,1,1,1,2,1,1,1,1,1,1,1,1,2,1,2,2,1,2,1,1,2,1
774,2,1,1,1,1,1,1,1,2,1,1,1,1,1,1,1,1,2,1,1,2,1,2,1,1,2,1
779,1,1,2,1,1,1,1,1,1,1,1,1,1,1,1,1,1,2,2,1,1,2,1,1,2,2,2
780,1,1,1,1,1,1,1,1,1,1,1,1,1,2,1,1,1,2,1,2,2,1,1,1,1,2,1
781,1,2,1,1,1,1,1,1,2,1,1,1,1,1,1,1,1,2,2,1,2,1,1,1,1,3,1
782,1,2,1,1,1,1,1,1,2,1,1,1,1,1,1,1,1,2,2,1,2,1,1,1,2,3,2
785,2,1,1,1,1,1,1,1,2,1,1,1,1,1,1,1,1,2,1,1,2,1,2,1,1,2,1
787,1,1,1,1,2,1,1,1,2,1,1,1,1,1,1,1,1,2,1,2,2,1,1,1,1,2,1
788,1,2,1,1,1,1,1,1,1,1,1,1,1,1,1,1,2,2,1,1,2,1,1,2,1,2,1
792,1,1,1,1,1,1,1,2,1,1,1,1,1,2,1,1,1,2,1,2,2,1,1,2,1,2,1
793,1,2,1,1,1,1,1,1,1,1,1,1,1,1,1,1,2,2,1,1,2,1,1,2,1,2,1
795,1,2,1,1,1,1,1,1,1,2,1,1,1,1,1,1,1,2,2,2,1,1,1,1,2,2,2
796,1,2,1,1,1,1,1,1,1,1,1,1,1,2,1,1,1,2,2,1,2,1,2,1,1,2,2
802,1,1,1,2,1,1,1,1,2,1,1,1,1,1,1,1,1,2,2,1,2,1,2,1,1,3,1
803,2,1,1,1,1,1,1,1,1,1,1,1,1,1,1,1,1,2,1,2,2,1,2,1,1,2,1
806,1,1,1,1,1,2,1,1,1,1,1,1,1,1,1,1,2,2,1,2,2,1,2,1,1,2,1
809,1,1,1,1,1,1,1,2,1,1,1,1,1,1,2,1,1,2,2,2,1,1,2,1,1,2,2
810,1,1,1,1,2,1,1,1,1,1,1,1,1,1,1,1,1,2,1,2,2,1,2,1,1,2,1
814,2,1,1,1,1,1,1,1,2,1,1,1,1,1,1,1,1,2,1,2,2,1,2,1,1,2,1
816,1,1,1,1,1,1,1,2,2,1,1,1,1,1,1,1,1,2,1,2,2,1,1,1,1,2,1
818,1,1,2,1,1,1,1,1,2,1,1,1,1,1,1,1,1,2,1,2,2,1,1,1,1,2,1
820,1,1,2,1,1,1,1,1,1,1,2,1,1,1,1,1,1,2,2,2,1,1,1,1,2,2,2
821,1,1,2,1,1,1,1,1,2,1,1,1,1,1,1,1,1,2,1,1,2,1,1,1,1,3,1
823,1,1,2,1,1,1,1,1,1,1,1,1,1,1,1,2,1,1,2,2,2,1,1,1,1,2,2
826,1,2,1,1,1,1,1,1,1,1,1,1,1,1,1,2,1,2,2,2,2,1,1,1,2,2,1
828,1,1,1,1,1,2,1,1,2,1,1,1,1,1,1,1,1,2,1,2,2,1,1,1,1,2,1
830,1,1,1,1,1,1,2,1,1,1,1,1,1,2,1,1,1,2,1,2,2,1,2,1,1,2,1
832,2,1,1,1,1,1,1,1,1,1,2,1,1,1,1,1,1,2,1,1,2,1,1,1,1,2,1
833,1,2,1,1,1,1,1,1,1,2,1,1,1,1,1,1,1,2,1,1,2,1,2,1,1,2,1
837,1,2,1,1,1,1,1,1,2,1,1,1,1,1,1,1,1,2,1,1,2,1,1,1,1,3,1
839,1,2,1,1,1,1,1,1,2,1,1,1,1,1,1,1,1,2,1,1,2,1,1,1,1,3,1
840,2,1,1,1,1,1,1,1,2,1,1,1,1,1,1,1,1,2,2,2,2,1,1,1,1,3,1
842,1,1,2,1,1,1,1,1,1,1,1,1,1,1,1,1,2,2,1,1,2,1,1,1,1,3,1
843,1,2,1,1,1,1,1,1,1,1,2,1,1,1,1,1,1,2,2,2,1,1,1,1,2,2,2
844,1,1,1,1,1,1,1,2,1,1,1,1,1,1,1,1,2,2,1,1,2,1,1,1,1,3,1
848,1,2,1,1,1,1,1,1,1,1,1,1,1,1,1,2,1,2,1,1,2,1,1,2,1,3,1
849,2,1,1,1,1,1,1,1,2,1,1,1,1,1,1,1,1,2,2,2,1,1,1,1,2,3,1
850,1,1,1,1,1,1,1,2,1,1,1,1,1,1,1,2,1,2,2,2,1,1,1,1,2,3,1
851,1,1,1,2,1,1,1,1,1,1,2,1,1,1,1,1,1,2,2,2,2,1,1,1,2,3,2
854,1,1,1,1,1,1,1,2,1,1,1,1,1,1,1,2,1,2,1,1,2,1,1,1,2,3,1
855,1,2,1,1,1,1,1,1,2,1,1,1,1,1,1,1,1,2,1,1,2,1,1,1,1,3,1
857,1,1,1,1,1,1,1,2,2,1,1,1,1,1,1,1,1,2,1,1,2,1,1,1,2,3,1
859,1,2,1,1,1,1,1,1,1,1,1,1,1,1,1,2,1,2,1,1,2,1,1,1,2,3,1
862,1,1,1,1,1,2,1,1,2,1,1,1,1,1,1,1,1,2,1,1,2,1,1,1,1,3,1
863,1,2,1,1,1,1,1,1,2,1,1,1,1,1,1,1,1,2,1,1,2,1,1,1,2,3,1
864,1,1,1,1,1,1,1,2,1,1,1,1,1,1,1,2,1,2,1,1,2,1,1,1,2,3,1
868,1,1,1,1,1,1,1,1,1,2,1,1,1,1,1,1,1,2,1,1,2,1,1,2,1,3,1
871,1,2,1,1,1,1,1,1,1,1,1,1,1,1,1,2,1,2,1,2,2,1,2,1,1,3,1
872,1,1,2,1,1,1,1,1,1,1,1,1,1,1,1,2,1,2,1,1,2,1,1,1,2,3,1
875,1,1,1,1,1,1,1,1,1,1,1,1,1,2,1,1,1,2,1,1,2,1,1,1,1,3,1
876,1,2,1,1,1,1,1,1,1,1,1,1,1,1,1,2,1,2,1,1,2,1,1,1,1,3,1
879,1,1,1,1,1,1,1,2,2,1,1,1,1,1,1,1,1,2,1,2,2,1,1,1,1,2,1
882,1,2,1,1,1,1,1,1,2,1,1,1,1,1,1,1,1,2,2,1,1,1,1,1,1,2,2
883,1,1,1,1,1,1,1,1,2,1,1,1,1,1,1,1,1,2,1,1,2,1,1,1,1,3,1
885,1,2,1,1,1,1,1,1,2,1,1,1,1,1,1,1,1,2,1,1,2,1,1,1,2,3,1
886,1,2,1,1,1,1,1,1,2,1,1,1,1,1,1,1,1,2,1,1,2,1,1,1,1,3,1
887,1,1,1,1,1,1,1,1,1,1,1,1,1,1,1,2,1,2,1,1,2,1,1,1,2,3,1
890,1,1,1,1,1,1,2,1,1,1,1,1,1,1,2,1,1,2,2,2,1,1,1,1,2,3,1
891,2,1,1,1,1,1,1,1,1,1,1,1,1,1,2,1,1,2,2,2,1,1,1,1,2,3,2
892,1,1,1,1,1,1,1,1,1,1,1,1,1,2,1,1,1,2,1,1,2,1,1,1,1,3,1
893,1,1,1,1,1,1,1,1,1,1,2,1,1,1,1,1,1,2,2,2,1,1,2,1,1,2,2
894,2,1,1,1,1,1,1,1,1,2,1,1,1,1,1,1,1,2,2,2,1,1,1,1,1,3,2
895,1,1,1,1,1,2,1,1,1,1,1,1,1,1,1,2,1,2,1,1,2,1,1,2,1,3,1
896,1,2,1,1,1,1,1,1,2,1,1,1,1,1,1,1,1,2,1,1,2,1,1,1,2,3,1
898,1,1,1,1,1,1,1,1,1,1,1,1,1,1,1,1,2,2,1,2,2,1,2,1,1,2,1
900,1,2,1,1,1,1,1,1,2,1,1,1,1,1,1,1,1,2,1,1,2,1,1,2,1,3,1
901,1,2,1,1,1,1,1,1,1,1,1,1,1,1,2,1,1,2,2,1,2,1,1,1,2,2,2
902,1,1,1,1,1,1,2,1,2,1,1,1,1,1,1,1,1,2,1,2,2,1,1,1,1,2,1
903,1,2,1,1,1,1,1,1,2,1,1,1,1,1,1,1,1,2,1,1,2,1,1,2,1,3,1
904,1,1,1,1,1,1,1,2,2,1,1,1,1,1,1,1,1,2,1,1,2,1,1,2,1,3,1
905,1,1,1,2,1,1,1,1,1,1,1,1,1,1,1,2,1,2,2,1,2,1,1,1,1,2,2
907,1,1,1,1,2,1,1,1,2,1,1,1,1,1,1,1,1,2,1,2,2,1,2,1,1,2,1
914,1,1,2,1,1,1,1,1,2,1,1,1,1,1,1,1,1,2,2,2,1,1,1,1,2,3,2
915,1,1,1,1,1,1,2,1,1,1,1,1,1,1,2,1,1,2,2,2,1,1,2,1,1,2,2
917,2,1,1,1,1,1,1,1,1,1,1,2,1,1,1,1,1,2,2,2,2,1,1,1,2,2,2
919,1,1,1,1,1,1,1,2,2,1,1,1,1,1,1,1,1,2,1,1,2,1,1,1,2,3,1
926,1,1,1,1,1,1,1,1,1,1,1,1,1,1,1,1,1,2,2,2,1,1,2,1,1,2,2
930,1,1,1,1,1,1,1,2,1,1,1,1,1,1,1,2,1,2,2,2,1,1,2,1,1,3,1
933,1,1,1,2,1,1,1,1,2,1,1,1,1,1,1,1,1,2,1,2,2,1,1,1,2,3,1
936,1,1,1,1,1,1,1,2,1,1,1,1,1,2,1,1,1,2,1,1,2,1,1,1,2,3,1
939,1,2,1,1,1,1,1,1,1,1,1,1,1,1,1,2,1,2,1,1,2,1,1,1,2,3,1
940,1,1,1,1,1,1,1,2,1,1,1,1,1,1,1,2,1,2,1,1,2,1,1,1,2,3,1
941,1,1,2,1,1,1,1,1,1,1,1,1,1,1,1,2,1,2,1,2,2,1,1,1,1,3,1
942,1,1,1,1,1,1,1,1,2,1,1,1,1,1,1,1,1,2,2,1,1,1,1,2,1,2,2
943,1,1,1,1,2,1,1,1,1,1,1,1,1,2,1,1,1,2,1,2,2,1,1,1,1,2,1
945,1,1,2,1,1,1,1,1,1,1,2,1,1,1,1,1,1,2,2,2,1,1,1,1,2,3,2
946,2,1,1,1,1,1,1,1,1,1,1,1,1,1,1,2,1,2,2,2,1,1,1,1,2,2,2
947,1,2,1,1,1,1,1,1,2,1,1,1,1,1,1,1,1,2,1,1,2,1,1,1,2,3,1
948,1,1,2,1,1,1,1,1,1,1,1,1,1,1,1,1,1,2,1,1,2,1,1,1,2,3,1
952,1,2,1,1,1,1,1,1,1,1,2,1,1,1,1,1,1,2,2,2,2,1,1,2,1,3,2
953,1,1,1,2,1,1,1,1,1,1,1,1,1,1,1,2,1,2,2,1,2,1,1,2,1,3,1
954,2,1,1,1,1,1,1,1,1,2,1,1,1,1,1,1,1,2,1,1,2,1,1,2,1,3,1
955,1,2,1,1,1,1,1,1,1,1,1,1,1,2,1,1,1,2,1,1,2,1,1,2,1,3,1
957,1,1,1,1,1,1,2,1,1,2,1,1,1,1,1,1,1,2,2,2,1,1,1,1,2,2,2
958,1,1,1,2,1,1,1,1,1,1,1,1,1,2,1,1,1,2,2,1,2,1,1,1,2,2,2
961,2,1,1,1,1,1,1,1,1,1,1,1,1,1,1,2,1,1,2,1,2,1,1,1,2,3,2
962,1,2,1,1,1,1,1,1,1,2,1,1,1,1,1,1,1,2,2,1,2,1,1,1,2,3,2
963,1,1,1,1,1,2,1,1,1,1,1,1,1,2,1,1,1,2,2,1,2,1,2,1,1,2,1
967,1,2,1,1,1,1,1,1,2,1,1,1,1,1,1,1,1,2,2,1,2,1,1,1,2,3,1
969,1,1,1,1,1,1,1,1,1,1,1,1,1,2,1,1,1,2,1,2,2,1,1,2,1,2,1
970,1,1,2,1,1,1,1,1,1,1,1,1,1,1,2,1,1,2,1,2,2,1,1,1,2,2,1
971,2,1,1,1,1,1,1,1,2,1,1,1,1,1,1,1,1,2,2,2,1,1,1,2,1,3,2
972,1,1,1,1,1,2,1,1,2,1,1,1,1,1,1,1,1,2,2,1,2,1,1,1,2,2,2
973,1,2,1,1,1,1,1,1,2,1,1,1,1,1,1,1,1,2,2,2,2,1,1,1,2,2,2
975,1,1,1,1,1,1,1,1,2,1,1,1,1,1,1,1,1,2,1,1,2,1,2,1,1,2,1
976,1,1,1,1,1,1,1,1,1,2,1,1,1,1,1,1,1,2,1,2,2,1,1,1,2,2,1
979,1,2,1,1,1,1,1,1,2,1,1,1,1,1,1,1,1,2,1,2,2,1,1,1,1,2,1
982,1,2,1,1,1,1,1,1,2,1,1,1,1,1,1,1,1,2,2,2,2,1,1,2,1,2,2
984,1,2,1,1,1,1,1,1,2,1,1,1,1,1,1,1,1,2,1,1,2,1,1,1,2,3,1
986,1,2,1,1,1,1,1,1,1,1,1,1,1,1,1,2,1,2,1,1,2,1,1,1,2,3,1
987,2,1,1,1,1,1,1,1,1,1,1,1,1,1,1,2,1,2,1,1,2,1,1,2,1,3,1
988,1,1,1,1,1,1,2,1,2,1,1,1,1,1,1,1,1,2,1,1,2,1,2,1,1,2,1
990,1,2,1,1,1,1,1,1,1,1,1,1,1,2,1,1,1,2,2,2,2,1,1,1,2,2,2
991,1,1,1,1,1,1,1,1,1,1,1,1,1,2,1,1,1,2,1,1,2,1,1,1,2,3,1
992,1,1,1,1,1,1,1,1,2,1,1,1,1,1,1,1,1,2,1,1,2,1,1,1,1,3,1
994,1,1,1,1,1,1,1,1,1,1,1,1,1,1,1,1,2,2,2,1,2,1,1,2,1,2,2
995,1,2,1,1,1,1,1,1,1,1,1,1,1,1,1,1,2,2,2,1,2,1,1,2,1,2,2
997,1,1,1,2,1,1,1,1,1,1,1,1,2,1,1,1,1,1,2,2,1,2,1,2,1,2,2
998,1,1,1,1,2,1,1,1,1,2,1,1,1,1,1,1,1,2,2,2,2,1,1,1,1,1,1
999,1,1,1,1,1,1,1,2,2,1,1,1,1,1,1,1,1,2,1,1,2,1,1,1,1,2,1
1000,1,2,1,1,1,1,1,1,1,2,1,1,1,1,1,1,1,2,2,2,1,1,1,1,1,1,1
1001,1,1,2,1,1,1,1,1,1,1,1,1,1,2,1,1,1,2,2,2,2,1,1,2,1,2,2
1002,1,1,2,1,1,1,1,1,1,1,1,1,1,1,1,1,1,2,2,2,2,1,1,1,2,2,1
1003,1,2,1,1,1,1,1,1,1,1,1,1,1,1,1,2,1,2,1,2,2,1,1,1,1,2,1
1004,1,1,1,1,1,1,1,2,2,1,1,1,1,1,1,1,1,2,2,2,2,1,1,2,1,3,2
1007,2,1,1,1,1,1,1,1,2,1,1,1,1,1,1,1,1,2,1,1,2,1,1,1,2,3,1
1010,2,1,1,1,1,1,1,1,2,1,1,1,1,1,1,1,1,1,2,2,2,1,1,1,2,2,2
1011,2,1,1,1,1,1,1,1,2,1,1,1,1,1,1,1,1,2,2,1,2,1,1,2,1,3,2
1012,1,1,1,2,1,1,1,1,2,1,1,1,1,1,1,1,1,2,2,1,2,1,1,1,2,3,2
1017,1,1,1,1,1,1,2,1,1,1,1,1,1,1,1,1,2,2,2,2,2,1,2,1,1,2,2
1018,1,1,1,1,1,2,1,1,1,1,1,1,1,1,2,1,1,2,1,2,2,1,2,1,1,2,1
1019,2,1,1,1,1,1,1,1,1,1,1,1,1,1,1,2,1,2,2,1,1,1,1,1,2,2,2
1023,1,1,1,1,1,1,2,1,2,1,1,1,1,1,1,1,1,2,2,2,2,1,1,1,2,3,1
1025,1,2,1,1,1,1,1,1,1,1,1,1,1,1,2,1,1,1,1,2,2,1,1,1,2,2,1
1027,1,1,1,1,1,1,1,1,1,1,1,1,1,2,1,1,1,2,1,1,2,1,2,1,1,2,1
1030,2,1,1,1,1,1,1,1,1,1,1,1,1,1,1,1,2,2,2,1,1,1,1,1,2,3,2
1031,1,1,1,1,1,2,1,1,2,1,1,1,1,1,1,1,1,2,1,1,2,1,1,1,1,3,1
1032,2,1,1,1,1,1,1,1,2,1,1,1,1,1,1,1,1,2,2,1,2,1,1,1,2,3,1
1033,1,1,1,1,1,1,2,1,2,1,1,1,1,1,1,1,1,1,2,2,1,1,1,1,2,3,1
1038,1,2,1,1,1,1,1,1,2,1,1,1,1,1,1,1,1,2,1,1,2,1,1,1,2,3,1
1039,1,2,1,1,1,1,1,1,2,1,1,1,1,1,1,1,1,2,2,1,2,1,1,1,2,3,2
1041,2,1,1,1,1,1,1,1,2,1,1,1,1,1,1,1,1,2,1,1,2,1,1,2,1,3,1
1045,1,2,1,1,1,1,1,1,2,1,1,1,1,1,1,1,1,2,1,1,2,1,1,2,1,3,1
1048,1,1,1,1,1,1,1,1,2,1,1,1,1,1,1,1,1,2,2,1,2,1,1,2,1,3,1
1049,1,1,1,1,1,2,1,1,2,1,1,1,1,1,1,1,1,2,1,1,2,1,1,1,1,3,1
1051,1,1,1,1,1,1,1,1,1,1,1,1,1,2,1,1,1,2,2,2,1,1,1,1,2,2,2
1052,1,2,1,1,1,1,1,1,1,1,1,1,1,1,1,1,1,2,1,2,2,1,1,1,1,2,1
1055,2,1,1,1,1,1,1,1,1,1,1,1,1,1,1,2,1,2,2,1,2,1,1,1,1,3,1
1056,1,1,1,1,1,2,1,1,2,1,1,1,1,1,1,1,1,2,1,2,2,1,1,1,2,2,1
1066,1,2,1,1,1,1,1,1,1,2,1,1,1,1,1,1,1,2,1,2,2,1,1,1,1,3,1
1071,1,1,2,1,1,1,1,1,1,1,2,1,1,1,1,1,1,2,2,2,1,1,1,2,1,2,2
1072,1,1,1,1,1,1,2,1,2,1,1,1,1,1,1,1,1,2,2,2,2,2,1,1,2,2,2
1075,1,2,1,1,1,1,1,1,2,1,1,1,1,1,1,1,1,2,1,1,2,1,1,1,1,2,1
1076,1,2,1,1,1,1,1,1,2,1,1,1,1,1,1,1,1,2,2,2,2,1,1,1,1,2,2
1078,1,2,1,1,1,1,1,1,1,2,1,1,1,1,1,1,1,2,2,2,2,1,1,1,1,2,2
1079,1,1,1,1,2,1,1,1,1,1,1,1,1,1,1,2,1,2,2,1,2,1,1,1,2,2,2
1080,1,1,1,1,1,2,1,1,1,1,1,1,1,1,2,1,1,2,1,1,2,1,1,2,1,3,1
1081,1,1,1,1,1,1,1,1,2,1,1,1,1,1,1,1,1,2,2,1,2,1,2,1,1,2,2
1086,1,2,1,1,1,1,1,1,2,1,1,1,1,1,1,1,1,2,1,1,2,1,2,1,1,2,1
1088,1,1,2,1,1,1,1,1,1,1,2,1,1,1,1,1,1,2,2,2,1,1,1,1,1,1,2
1091,1,1,2,1,1,1,1,1,1,1,1,1,1,1,1,1,2,2,1,2,2,1,1,1,1,2,1
1093,1,1,2,1,1,1,1,1,1,2,1,1,1,1,1,1,1,2,1,1,2,1,1,1,2,2,2
1094,1,2,1,1,1,1,1,1,1,1,1,1,1,2,1,1,1,2,1,2,2,1,1,1,1,2,1
1096,1,1,2,1,1,1,1,1,2,1,1,1,1,1,1,1,1,2,2,2,2,1,1,1,2,2,2
1097,1,1,1,2,1,1,1,1,2,1,1,1,1,1,1,1,1,2,2,2,2,1,1,1,2,2,2
1098,1,1,1,1,2,1,1,1,2,1,1,1,1,1,1,1,1,2,1,1,2,1,1,1,1,2,1
1099,1,1,1,1,2,1,1,1,2,1,1,1,1,1,1,1,1,2,2,2,2,1,1,1,1,2,2
1100,1,1,1,1,1,1,2,1,2,1,1,1,1,1,1,1,1,2,2,1,2,1,2,1,1,2,1
1101,1,1,1,1,1,1,1,2,2,1,1,1,1,1,1,1,1,2,1,1,2,1,1,2,1,3,1
1106,2,1,1,1,1,1,1,1,2,1,1,1,1,1,1,1,1,2,2,2,2,1,1,2,1,2,1
1107,1,1,2,1,1,1,1,1,1,1,1,1,1,2,1,1,1,2,2,1,2,1,1,1,2,2,1
1110,1,2,1,1,1,1,1,1,1,1,1,1,1,1,1,1,2,2,1,2,2,1,1,1,1,2,1
1111,1,1,1,1,1,1,2,1,1,1,1,1,1,1,1,1,2,2,1,2,2,1,1,1,1,2,1
1112,2,1,1,1,1,1,1,1,1,1,1,1,1,2,1,1,1,2,1,1,2,1,1,1,2,2,2
1113,1,1,1,1,1,1,2,1,1,1,1,1,1,1,1,1,2,2,2,1,2,1,2,1,1,2,1
1114,1,2,1,1,1,1,1,1,1,1,1,1,1,2,1,1,1,2,1,2,2,1,1,1,1,2,1
1115,1,2,1,1,1,1,1,1,1,1,1,1,1,2,1,1,1,2,2,2,2,1,1,1,2,2,2
1116,1,1,1,1,1,1,1,2,1,2,1,1,1,1,1,1,1,2,1,2,2,1,1,1,1,2,1
1117,1,1,1,1,1,1,1,2,2,1,1,1,1,1,1,1,1,2,2,1,2,1,2,1,1,2,2
1123,1,2,1,1,1,1,1,1,2,1,1,1,1,1,1,1,1,2,2,2,1,1,1,1,1,2,2
1124,2,1,1,1,1,1,1,1,1,1,1,1,1,1,1,2,1,2,2,2,1,1,1,1,1,2,2
1126,1,1,1,1,1,1,2,1,2,1,1,1,1,1,1,1,1,2,1,1,2,1,2,1,1,2,1
1127,1,1,1,1,1,1,1,1,1,1,1,1,1,2,1,1,1,2,1,1,2,1,2,1,1,2,1
1129,1,2,1,1,1,1,1,1,2,1,1,1,1,1,1,1,1,1,2,1,1,1,1,1,2,2,2
1132,2,1,1,1,1,1,1,1,1,1,1,1,1,1,1,1,2,2,1,2,2,1,1,1,1,2,1
1134,1,2,1,1,1,1,1,1,2,1,1,1,1,1,1,1,1,2,1,1,2,1,1,1,1,3,1
1135,1,1,1,1,1,2,1,1,1,1,1,1,1,1,1,1,2,2,1,1,2,1,2,1,1,2,1
1138,1,2,1,1,1,1,1,1,1,1,1,1,1,1,1,2,1,2,1,2,2,1,2,1,1,2,1
1140,1,2,1,1,1,1,1,1,1,1,1,1,1,1,1,2,1,2,1,2,2,1,2,1,1,2,1
1142,1,1,1,1,1,1,2,1,1,1,1,1,1,1,2,1,1,2,2,2,1,1,1,2,1,3,2
1152,1,1,2,1,1,1,1,1,2,1,1,1,1,1,1,1,1,2,1,2,2,1,2,1,1,2,1
1157,1,2,1,1,1,1,1,1,2,1,1,1,1,1,1,1,1,2,2,2,2,1,1,1,2,2,2
1158,1,1,1,1,1,1,1,2,1,1,1,1,1,1,1,2,1,2,2,2,1,1,1,1,2,2,2
1159,1,2,1,1,1,1,1,1,1,1,2,1,1,1,1,1,1,2,2,2,1,1,2,1,1,2,2
1162,1,1,1,1,1,1,1,2,2,1,1,1,1,1,1,1,1,2,2,2,2,1,1,1,1,2,2
1165,1,1,1,1,1,1,1,1,1,1,1,1,1,2,1,1,1,2,1,1,2,1,1,1,2,2,1
1167,1,2,1,1,1,1,1,1,1,2,1,1,1,1,1,1,1,2,2,2,1,1,2,1,1,2,2
1168,1,2,1,1,1,1,1,1,1,2,1,1,1,1,1,1,1,2,1,2,2,1,1,1,1,2,1
1169,1,1,1,1,1,1,2,1,1,2,1,1,1,1,1,1,1,2,1,1,2,1,2,1,1,2,1
1173,1,2,1,1,1,1,1,1,1,1,1,1,1,2,1,1,1,2,2,2,1,1,2,1,1,2,2
1176,1,2,1,1,1,1,1,1,1,1,1,1,1,2,1,1,1,2,2,1,2,1,2,1,1,2,2
1177,1,1,2,1,1,1,1,1,1,1,1,1,1,1,1,2,1,2,1,2,2,1,2,1,1,2,1
1178,1,1,1,1,1,2,1,1,1,1,1,1,1,2,1,1,1,2,1,1,2,1,1,1,2,2,1
1179,1,2,1,1,1,1,1,1,1,1,1,1,1,1,1,2,1,2,2,1,2,1,2,1,1,2,1
1189,1,1,1,1,2,1,1,1,1,1,1,1,2,1,1,1,1,2,2,2,1,1,1,1,2,2,1
1193,2,1,1,1,1,1,1,1,1,1,1,1,1,2,1,1,1,2,2,2,2,1,2,1,1,2,1
1197,1,2,1,1,1,1,1,1,1,1,1,1,1,2,1,1,1,2,2,1,2,1,1,1,1,2,1
1198,2,1,1,1,1,1,1,1,2,1,1,1,1,1,1,1,1,2,2,2,2,1,1,1,2,2,2
1200,1,2,1,1,1,1,1,1,1,1,1,1,1,2,1,1,1,2,2,2,2,1,1,2,1,2,2
1201,1,1,2,1,1,1,1,1,1,1,1,1,1,2,1,1,1,2,1,2,2,1,1,2,1,2,1
1204,1,2,1,1,1,1,1,1,2,1,1,1,1,1,1,1,1,2,2,2,1,1,2,1,1,2,2
1206,1,1,1,1,1,2,1,1,1,1,1,1,1,2,1,1,1,2,1,1,2,1,2,1,1,2,1
1213,1,1,1,1,1,2,1,1,1,1,1,1,1,1,1,2,1,2,1,1,2,1,2,1,1,2,1
1217,1,2,1,1,1,1,1,1,1,1,1,1,1,2,1,1,1,2,1,1,2,1,1,1,1,2,1
1218,1,2,1,1,1,1,1,1,2,1,1,1,1,1,1,1,1,1,2,1,2,1,2,1,1,2,2
1219,1,1,1,1,2,1,1,1,1,1,1,1,1,2,1,1,1,2,2,2,2,1,1,1,1,2,2
1220,1,1,1,1,1,1,1,1,2,1,1,1,1,1,1,1,1,2,2,2,1,1,1,1,2,3,2
1227,1,2,1,1,1,1,1,1,2,1,1,1,1,1,1,1,1,2,1,2,2,1,1,1,1,2,1
1230,1,1,1,1,1,1,1,1,1,1,1,1,1,2,1,1,1,2,2,2,2,1,1,1,2,2,2
1231,1,2,1,1,1,1,1,1,1,1,1,1,1,1,1,2,1,2,1,2,2,1,2,1,1,2,1
1232,1,1,2,1,1,1,1,1,2,1,1,1,1,1,1,1,1,2,1,2,2,1,1,2,1,2,1
1234,1,2,1,1,1,1,1,1,1,2,1,1,1,1,1,1,1,2,1,2,2,1,1,1,1,2,1
1235,1,1,1,1,1,1,2,1,2,1,1,1,1,1,1,1,1,2,1,1,2,1,1,2,1,2,1
1237,1,1,1,1,1,1,2,1,1,1,1,1,1,2,1,1,1,2,2,2,1,1,1,1,1,2,2
1238,1,1,1,1,1,1,1,1,1,1,1,1,1,1,1,2,1,1,1,1,2,1,2,1,1,2,1
1240,1,2,1,1,1,1,1,1,1,1,1,1,1,1,1,1,2,2,2,2,2,1,1,1,2,2,1
1242,1,2,1,1,1,1,1,1,1,1,1,1,1,2,1,1,1,2,2,1,2,1,1,1,2,2,2
1243,2,1,1,1,1,1,1,1,2,1,1,1,1,1,1,1,1,2,1,2,2,1,1,1,1,2,1
1244,1,1,1,1,1,2,1,1,2,1,1,1,1,1,1,1,1,2,1,2,2,1,2,1,1,2,1
1250,1,1,2,1,1,1,1,1,1,1,1,1,1,2,1,1,1,2,2,2,2,2,2,1,1,2,1
1252,2,1,1,1,1,1,1,1,2,1,1,1,1,1,1,1,1,2,2,2,2,1,2,1,1,2,2
1253,1,1,2,1,1,1,1,1,1,1,1,1,1,2,1,1,1,2,2,2,2,1,1,1,1,2,1
1254,1,2,1,1,1,1,1,1,1,1,1,1,1,1,1,1,2,2,2,2,2,1,1,2,1,2,1
1257,1,1,1,1,1,1,1,2,2,1,1,1,1,1,1,1,1,1,1,2,2,1,2,1,1,2,1
1258,1,2,1,1,1,1,1,1,1,2,1,1,1,1,1,1,1,2,1,2,2,1,1,1,1,2,1
1260,1,1,2,1,1,1,1,1,1,1,2,1,1,1,1,1,1,2,2,2,1,1,1,2,1,2,2
1261,2,1,1,1,1,1,1,1,1,1,1,1,1,2,1,1,1,2,1,2,2,1,1,1,1,2,1
1263,2,1,1,1,1,1,1,1,1,1,2,1,1,1,1,1,1,2,2,2,2,1,1,1,1,2,2
1266,1,2,1,1,1,1,1,1,2,1,1,1,1,1,1,1,1,2,2,1,2,1,1,1,2,2,2
1269,1,1,1,1,1,1,1,2,2,1,1,1,1,1,1,1,1,2,1,1,2,1,1,1,1,3,1
1275,1,2,1,1,1,1,1,1,2,1,1,1,1,1,1,1,1,2,1,1,2,1,1,1,1,3,1
1278,1,1,1,1,1,1,2,1,1,1,1,1,1,2,1,1,1,2,1,1,2,1,1,1,2,2,1
1281,1,1,1,1,1,2,1,1,2,1,1,1,1,1,1,1,1,2,2,1,2,1,1,2,1,2,2
1286,1,1,1,1,1,1,2,1,1,1,1,1,1,1,1,1,2,2,1,2,2,1,2,1,1,2,1
1289,1,1,1,1,1,1,2,1,1,1,2,1,1,1,1,1,1,2,2,2,2,1,1,1,1,1,2
1291,1,2,1,1,1,1,1,1,1,1,1,1,1,2,1,1,1,2,1,2,2,1,1,1,2,2,1
1292,1,1,1,1,1,2,1,1,2,1,1,1,1,1,1,1,1,2,1,2,2,1,1,1,1,2,1
1294,1,1,1,1,1,1,1,2,2,1,1,1,1,1,1,1,1,2,2,2,2,1,1,1,2,2,2
1295,1,2,1,1,1,1,1,1,2,1,1,1,1,1,1,1,1,2,1,2,2,1,1,1,1,2,1
1296,1,1,1,2,1,1,1,1,2,1,1,1,1,1,1,1,1,2,1,1,2,1,2,1,1,2,1
1297,1,1,1,1,1,1,1,2,1,1,1,1,1,1,1,2,1,2,1,1,2,1,1,1,1,3,1
1300,2,1,1,1,1,1,1,1,1,1,1,1,1,2,1,1,1,2,1,2,2,1,2,1,1,2,1
1303,1,1,1,2,1,1,1,1,1,1,1,1,1,1,1,2,1,2,1,2,2,1,2,1,1,2,1
1304,2,1,1,1,1,1,1,1,1,1,1,1,1,1,1,1,2,2,1,2,2,1,2,1,1,2,1
1309,1,1,1,1,1,1,1,2,1,1,1,1,1,2,1,1,1,2,2,1,2,2,1,1,1,2,2
1313,1,1,2,1,1,1,1,1,2,1,1,1,1,1,1,1,1,2,1,1,2,1,1,1,1,3,1
1315,1,1,1,1,2,1,1,1,2,1,1,1,1,1,1,1,1,2,1,2,2,1,1,1,1,2,1
1316,1,1,1,1,1,1,2,1,1,1,1,1,1,1,1,2,1,2,1,1,2,1,1,1,1,3,1
1318,1,1,1,1,1,2,1,1,1,2,1,1,1,1,1,1,1,2,1,2,2,1,2,1,1,2,1
1320,1,2,1,1,1,1,1,1,1,2,1,1,1,1,1,1,1,2,1,1,2,1,1,1,1,2,1
1321,2,1,1,1,1,1,1,1,2,1,1,1,1,1,1,1,1,2,1,1,2,1,2,1,1,2,1
1325,1,1,2,1,1,1,1,1,1,1,1,1,1,1,1,1,1,2,1,2,2,1,2,1,1,2,1
1326,1,1,1,1,1,1,2,1,2,1,1,1,1,1,1,1,1,2,1,2,2,2,2,1,1,2,1
1327,1,2,1,1,1,1,1,1,1,1,1,1,1,1,1,2,1,2,2,1,2,1,1,1,2,2,2
1330,2,1,1,1,1,1,1,1,1,1,1,1,1,1,1,2,1,2,1,1,2,1,2,1,1,2,1
1331,1,1,2,1,1,1,1,1,1,1,1,1,1,2,1,1,1,2,2,2,2,1,1,1,1,2,2
1332,1,1,1,1,1,1,1,1,2,1,1,1,1,1,1,1,1,2,2,2,2,1,1,1,1,2,1
1334,1,2,1,1,1,1,1,1,1,1,2,1,1,1,1,1,1,2,2,2,1,1,1,1,1,2,2
1335,1,1,2,1,1,1,1,1,1,1,1,1,1,1,1,1,2,2,2,2,1,1,1,1,2,2,2
1336,1,1,2,1,1,1,1,1,2,1,1,1,1,1,1,1,1,2,1,2,2,1,1,1,1,2,1
1338,1,1,1,1,1,1,1,1,2,1,1,1,1,1,1,1,1,2,2,2,1,1,1,1,2,3,2
1339,1,2,1,1,1,1,1,1,1,1,1,1,1,2,1,1,1,2,1,2,2,1,1,1,1,2,1
1341,1,1,1,1,1,1,1,1,1,1,1,1,2,1,1,1,1,1,2,1,1,2,1,2,1,4,1
1343,1,1,1,1,1,2,1,1,2,1,1,1,1,1,1,1,1,2,1,2,2,1,2,1,1,2,1
1344,2,1,1,1,1,1,1,1,1,1,1,1,1,1,1,2,1,2,2,2,1,1,1,1,2,2,2
1346,2,1,1,1,1,1,1,1,1,1,1,1,1,2,1,1,1,2,1,1,2,1,1,1,1,2,1
1350,2,1,1,1,1,1,1,1,2,1,1,1,1,1,1,1,1,2,1,2,2,1,2,1,1,2,1
1353,1,1,1,1,2,1,1,1,1,1,1,1,1,1,1,1,2,2,1,2,2,1,2,1,1,2,1
1358,1,1,1,1,1,1,1,2,1,1,1,1,1,2,1,1,1,2,1,2,2,1,2,1,1,2,1
1363,1,1,1,1,2,1,1,1,1,1,1,1,1,1,1,2,1,2,1,2,2,1,1,1,1,2,1
1364,1,1,1,1,2,1,1,1,2,1,1,1,1,1,1,1,1,2,1,2,2,1,1,1,1,2,1
1365,1,1,1,2,1,1,1,1,1,1,1,1,1,1,1,2,1,2,1,1,2,1,2,1,1,2,1
1368,1,2,1,1,1,1,1,1,1,2,1,1,1,1,1,1,1,2,2,1,1,1,1,1,2,2,2
1372,1,2,1,1,1,1,1,1,1,1,1,1,1,2,1,1,1,2,1,2,2,1,1,1,1,2,1
1373,2,1,1,1,1,1,1,1,1,1,1,1,1,1,1,2,1,2,2,1,2,1,2,1,1,2,2
1379,2,1,1,1,1,1,1,1,1,1,1,1,1,2,1,1,1,2,2,2,2,1,2,1,1,2,2
1380,1,1,1,1,1,1,1,2,1,1,1,1,1,1,1,1,2,2,1,2,2,1,2,1,1,2,1
1381,1,1,1,1,1,1,1,1,2,1,1,1,1,1,1,1,1,2,1,2,2,1,1,1,1,2,1
1385,1,1,1,1,1,2,1,1,1,1,1,1,1,1,1,1,2,2,1,1,2,1,2,1,1,2,1
1386,2,1,1,1,1,1,1,1,1,1,1,1,1,2,1,1,1,2,2,2,2,1,1,1,2,2,2
1389,1,1,1,1,1,1,1,2,2,1,1,1,1,1,1,1,1,2,1,1,2,1,1,1,1,2,1
1391,1,1,1,1,1,1,2,1,2,1,1,1,1,1,1,1,1,2,1,2,2,1,1,1,2,2,1
1392,1,2,1,1,1,1,1,1,2,1,1,1,1,1,1,1,1,2,1,2,2,1,1,2,1,2,1
1393,1,1,1,1,1,2,1,1,2,1,1,1,1,1,1,1,1,2,1,1,2,1,1,1,2,2,1
1400,1,2,1,1,1,1,1,1,1,1,1,1,1,2,1,1,1,2,1,1,2,1,1,1,1,2,1
1402,1,2,1,1,1,1,1,1,2,1,1,1,1,1,1,1,1,2,1,2,2,1,2,1,1,2,1
1404,1,2,1,1,1,1,1,1,2,1,1,1,1,1,1,1,1,2,1,1,2,2,1,1,1,4,1
1405,1,1,1,1,1,1,1,2,1,1,1,1,1,2,1,1,1,2,1,2,2,1,1,1,1,2,1
1406,1,1,2,1,1,1,1,1,1,1,1,1,1,1,1,2,1,2,1,2,2,2,1,1,1,3,1
1407,1,1,1,1,1,1,1,2,2,1,1,1,1,1,1,1,1,2,1,1,2,1,1,1,2,3,1
1408,1,1,1,1,1,1,2,1,1,2,1,1,1,1,1,1,1,2,1,1,2,1,1,2,1,2,1
1409,1,1,1,1,1,1,1,1,2,1,1,1,1,1,1,1,1,2,2,2,2,1,1,1,1,2,2
1411,1,1,2,1,1,1,1,1,1,1,1,1,1,2,1,1,1,2,2,2,2,1,1,1,1,2,2
1415,1,1,1,1,1,2,1,1,2,1,1,1,1,1,1,1,1,2,2,2,1,2,1,1,1,2,2
1420,2,1,1,1,1,1,1,1,1,1,1,1,1,1,1,1,2,2,2,2,2,1,2,1,1,2,2
1421,1,1,1,1,1,1,1,1,1,1,1,1,1,1,1,2,1,2,1,2,2,1,1,1,1,2,1
1422,1,2,1,1,1,1,1,1,1,1,1,1,1,1,1,2,1,2,1,2,2,1,1,1,1,2,1
1426,1,1,1,1,1,1,1,2,1,1,1,1,1,2,1,1,1,2,2,2,2,1,2,1,1,2,1
1427,1,1,2,1,1,1,1,1,1,1,2,1,1,1,1,1,1,2,2,2,1,2,1,2,1,2,2
1428,2,1,1,1,1,1,1,1,1,1,1,1,1,1,1,1,2,2,1,2,2,1,1,1,1,2,1
1430,2,1,1,1,1,1,1,1,1,1,1,1,1,2,1,1,1,2,1,2,2,1,1,1,1,2,1
1432,1,1,1,1,2,1,1,1,1,1,1,1,2,1,1,1,1,2,2,2,1,1,1,1,1,2,2
1433,2,1,1,1,1,1,1,1,1,1,1,1,1,1,1,1,2,2,1,1,2,1,1,1,1,2,1
1434,1,2,1,1,1,1,1,1,2,1,1,1,1,1,1,1,1,2,2,2,2,1,2,1,1,2,1
1437,1,1,1,1,1,1,2,1,2,1,1,1,1,1,1,1,1,2,1,1,2,1,2,1,1,2,1
1442,1,2,1,1,1,1,1,1,1,1,1,1,1,1,1,2,1,2,1,2,2,1,1,1,1,2,1
1443,1,1,1,1,1,1,1,2,1,1,1,1,1,1,1,1,2,2,1,2,2,1,1,1,1,2,1
1445,1,1,1,1,1,1,1,2,1,2,1,1,1,1,1,1,1,2,1,2,2,1,1,1,1,2,1
1447,1,1,1,2,1,1,1,1,1,1,1,1,1,2,1,1,1,2,1,1,2,1,2,1,1,2,1
1449,2,1,1,1,1,1,1,1,1,1,1,1,1,1,1,2,1,2,1,2,2,1,2,1,1,3,1
1451,2,1,1,1,1,1,1,1,1,1,1,1,1,2,1,1,1,2,2,1,2,1,1,1,2,2,1
1453,2,1,1,1,1,1,1,1,2,1,1,1,1,1,1,1,1,2,2,2,1,1,1,1,1,3,1
1454,1,2,1,1,1,1,1,1,2,1,1,1,1,1,1,1,1,1,2,1,2,1,1,1,1,2,2
1455,1,2,1,1,1,1,1,1,1,1,1,1,1,1,1,2,1,2,1,2,2,1,1,1,2,2,1
1458,1,2,1,1,1,1,1,1,2,1,1,1,1,1,1,1,1,1,1,1,2,1,1,1,1,2,1
1463,1,1,1,1,1,1,1,1,1,1,2,1,1,1,1,1,1,1,2,2,1,1,1,1,2,2,2
1464,1,1,2,1,1,1,1,1,1,1,1,1,1,2,1,1,1,2,2,2,2,1,1,1,1,2,2
1466,1,2,1,1,1,1,1,1,2,1,1,1,1,1,1,1,1,2,1,2,2,1,2,1,1,2,1
1467,2,1,1,1,1,1,1,1,1,1,1,1,1,1,1,1,2,2,2,2,2,1,1,1,2,2,2
1469,1,2,1,1,1,1,1,1,1,1,1,1,1,2,1,1,1,2,2,2,2,1,1,1,2,2,2
1470,1,1,1,1,1,1,1,2,1,1,1,1,1,1,2,1,1,2,1,2,2,1,2,1,1,2,1
1471,1,1,1,1,1,1,1,2,2,1,1,1,1,1,1,1,1,2,1,2,2,1,1,1,1,2,1
1473,2,1,1,1,1,1,1,1,1,1,1,1,1,1,1,2,1,2,1,2,2,1,1,1,2,2,1
1474,1,1,1,1,1,1,1,2,1,2,1,1,1,1,1,1,1,2,1,1,2,1,2,1,1,2,1
1475,1,2,1,1,1,1,1,1,2,1,1,1,1,1,1,1,1,2,2,2,2,1,1,1,2,2,2
1479,1,1,1,1,1,1,1,1,1,1,1,1,1,2,1,1,1,2,2,1,2,1,1,2,1,2,2
1480,1,1,2,1,1,1,1,1,2,1,1,1,1,1,1,1,1,2,2,2,2,1,1,1,2,3,2
1487,1,1,2,1,1,1,1,1,2,1,1,1,1,1,1,1,1,2,1,1,2,1,1,1,1,2,1
1489,1,2,1,1,1,1,1,1,1,1,1,1,1,1,1,1,2,2,2,2,2,1,1,1,2,2,2
1492,2,1,1,1,1,1,1,1,2,1,1,1,1,1,1,1,1,2,2,1,2,1,1,1,1,3,2
1495,1,1,1,1,1,1,1,2,1,2,1,1,1,1,1,1,1,2,2,2,1,1,1,1,2,2,1
1496,2,1,1,1,1,1,1,1,1,1,1,1,1,2,1,1,1,2,2,2,2,1,1,1,2,2,1
1500,1,1,1,1,1,1,2,1,1,1,1,1,1,1,1,2,1,2,1,2,2,1,2,1,1,2,1
